Order,Day-Order,Time-Order,Day-Ops,Service,Type,Origin,X,Y,Early,Latest,Demand,Service Time
,,,,,0,1,50,38,,,,0
,,,,,1,1,50,38,,,,15
,,,,,1,1,17,73,,,,15
,,,,,1,1,21,20,,,,15
,,,,,1,1,23,61,,,,15
,,,,,1,1,30,42,,,,15
,,,,,0,2,53,59,,,,0
,,,,,1,2,53,59,,,,15
,,,,,1,2,38,69,,,,15
,,,,,1,2,22,34,,,,15
,,,,,1,2,72,80,,,,15
,,,,,1,2,59,21,,,,15
,,,,,1,2,86,44,,,,15
,,,,,1,2,30,77,,,,15
,,,,,0,3,45,74,,,,0
,,,,,1,3,45,74,,,,15
,,,,,1,3,24,88,,,,15
,,,,,1,3,47,84,,,,15
,,,,,1,3,83,83,,,,15
,,,,,1,3,54,53,,,,15
,,,,,1,3,77,58,,,,15
,,,,,1,3,72,83,,,,15
,,,,,1,3,33,55,,,,15
,,,,,1,3,58,40,,,,15
,,,,,0,4,25,38,,,,0
,,,,,1,4,25,38,,,,15
,,,,,1,4,17,53,,,,15
,,,,,1,4,14,76,,,,15
,,,,,1,4,48,54,,,,15
,,,,,1,4,49,79,,,,15
,,,,,1,4,78,66,,,,15
,,,,,1,4,28,64,,,,15
,,,,,0,5,42,51,,,,0
,,,,,1,5,42,51,,,,15
,,,,,1,5,28,36,,,,15
,,,,,1,5,81,54,,,,15
,,,,,1,5,31,49,,,,15
,,,,,1,5,10,67,,,,15
,,,,,1,5,57,24,,,,15
,,,,,1,5,62,68,,,,15
1,1,303,1,2,3,2,9,82,420,540,1,5
2,1,303,1,2,3,1,47,47,420,540,1,5
3,1,303,1,2,3,2,75,75,420,540,1,5
4,1,303,1,2,3,5,27,62,420,540,1,5
5,1,303,1,2,3,5,57,47,420,540,1,5
6,1,303,1,2,3,1,26,39,420,540,1,5
7,1,303,1,2,3,5,63,69,420,540,1,5
8,1,0,1,1,3,4,88,77,540,660,2,5
9,1,0,1,1,3,3,81,61,60,180,3,5
10,1,77,1,1,3,3,85,76,180,300,5,5
11,1,0,1,1,3,5,81,32,60,180,5,5
12,1,289,1,2,3,5,39,26,300,420,6,5
13,1,330,1,2,3,5,38,26,420,540,3,5
14,1,309,1,2,3,5,35,23,420,540,4,5
15,1,164,1,1,3,5,33,20,180,300,4,5
16,1,494,1,2,3,5,9,70,540,660,1,5
17,1,335,1,2,3,5,17,63,420,540,6,5
18,1,418,1,2,3,5,43,22,540,660,5,5
19,1,18,1,1,3,5,56,42,60,180,3,5
20,1,286,1,2,3,5,27,78,300,420,3,5
21,1,2,1,1,3,5,70,60,60,180,5,5
22,1,275,1,2,3,5,32,80,300,420,5,5
23,1,578,1,2,3,5,70,65,660,780,2,5
24,1,119,1,1,3,5,40,52,180,300,1,5
25,1,119,1,1,3,5,41,52,180,300,5,5
26,1,119,1,1,3,5,33,24,180,300,5,5
27,1,278,1,1,3,5,23,61,300,420,1,5
28,1,278,1,1,3,5,45,25,300,420,5,5
29,1,119,1,1,3,5,57,31,180,300,3,5
30,1,112,1,1,3,5,42,52,180,300,5,5
31,1,219,1,1,3,5,72,73,300,420,1,5
32,1,657,1,2,3,5,32,58,780,900,1,5
33,1,95,1,1,3,3,34,52,180,300,1,5
34,1,192,1,2,3,1,48,46,300,420,1,5
35,1,465,1,2,3,1,45,64,540,660,1,5
36,1,0,1,1,3,1,41,25,60,180,1,5
37,1,0,1,1,3,3,44,81,60,180,1,5
38,1,123,1,1,3,3,67,82,180,300,1,5
39,1,111,1,1,3,5,25,49,180,300,1,5
40,1,44,1,1,3,4,16,39,60,180,2,5
41,1,520,1,2,3,5,34,19,540,660,4,5
42,1,527,1,2,3,4,17,42,540,660,1,5
43,1,601,1,2,3,4,43,100,660,780,2,5
44,1,126,1,1,3,3,63,72,180,300,1,5
45,1,0,1,1,3,3,56,40,60,180,1,5
46,1,91,1,1,3,1,42,69,180,300,1,5
47,1,238,1,2,3,5,43,20,300,420,5,5
48,1,0,1,1,3,3,26,61,60,180,1,5
49,1,0,1,1,3,1,44,49,60,180,1,5
50,1,0,1,1,3,1,0,76,60,180,1,5
51,1,0,1,1,3,1,48,52,60,180,1,5
52,1,0,1,1,3,1,38,21,60,180,1,5
53,1,0,1,1,3,1,45,16,60,180,1,5
54,1,116,1,1,3,1,99,28,180,300,5,5
55,1,552,1,2,3,4,26,8,660,780,1,5
56,1,170,1,1,3,3,28,79,180,300,1,5
57,1,0,1,1,3,1,33,48,60,180,1,5
58,1,489,1,2,3,1,3,72,540,660,1,5
59,1,523,1,2,3,1,37,14,540,660,2,5
60,1,447,1,2,3,3,42,68,540,660,1,5
61,1,52,1,1,3,2,53,81,60,180,1,5
62,1,120,1,1,3,3,28,89,180,300,3,5
63,1,263,1,2,3,2,75,44,300,420,1,5
64,1,0,1,1,3,4,21,75,60,180,3,5
65,1,0,1,1,3,4,28,6,60,180,1,5
66,1,513,1,2,3,3,51,60,540,660,1,5
67,1,0,1,1,3,3,37,51,180,300,1,5
68,1,0,1,1,3,3,49,58,180,300,1,5
69,1,0,1,1,3,3,8,71,180,300,1,5
70,1,0,1,1,3,3,73,59,180,300,1,5
71,1,0,1,1,3,3,24,85,180,300,1,5
72,1,0,1,1,3,3,81,52,180,300,1,5
73,1,0,1,1,3,3,47,90,180,300,1,5
74,1,0,1,1,3,3,55,53,180,300,1,5
75,1,0,1,1,3,3,62,49,180,300,1,5
76,1,0,1,1,3,3,80,87,180,300,1,5
77,1,75,1,1,3,5,57,24,180,300,1,5
78,1,0,1,1,3,3,69,83,60,180,1,5
79,1,292,1,2,3,3,51,55,300,420,3,5
80,1,144,1,1,3,3,75,83,180,300,1,5
81,1,493,1,2,3,4,28,36,660,780,1,5
82,1,0,1,1,3,3,57,95,180,300,5,5
83,1,487,1,2,3,4,35,43,540,660,1,5
84,1,239,1,2,3,4,57,46,300,420,1,5
85,1,0,1,1,3,3,20,69,180,300,2,5
86,1,0,1,1,3,3,54,65,60,180,1,5
87,1,0,1,1,3,4,31,50,60,180,1,5
88,1,0,1,1,3,4,27,81,60,180,1,5
89,1,39,1,1,3,3,87,52,60,180,1,5
90,1,261,1,2,3,4,65,67,300,420,1,5
91,1,0,1,1,3,3,86,73,180,300,1,5
92,1,555,1,2,3,1,38,26,660,780,2,5
93,1,0,1,1,3,5,32,22,60,180,1,5
94,1,658,1,2,3,4,49,81,660,780,1,5
95,1,212,1,2,3,5,22,78,660,780,1,5
96,1,0,1,1,3,4,48,40,60,180,1,5
97,1,456,1,2,3,2,32,45,540,660,1,5
98,1,125,1,1,3,1,58,14,180,300,1,5
99,1,0,1,1,3,1,25,40,60,180,1,5
100,1,0,1,1,3,1,44,64,60,180,1,5
101,1,334,1,2,3,2,63,29,420,540,1,5
102,1,0,1,1,3,2,90,69,60,180,1,5
103,1,0,1,1,3,1,62,23,60,180,1,5
104,1,284,1,2,3,3,82,49,300,420,1,5
105,1,0,1,1,3,2,98,48,60,180,1,5
106,1,3,1,1,3,3,70,61,60,180,1,5
107,1,0,1,1,3,4,48,66,60,180,1,5
108,1,0,1,1,3,4,43,67,60,180,1,5
109,1,28,1,1,3,3,66,52,60,180,1,5
110,1,31,1,1,3,3,26,74,60,180,1,5
111,1,171,1,1,3,3,68,49,180,300,1,5
112,1,0,1,1,3,5,34,28,60,180,3,5
113,1,169,1,1,3,4,30,36,180,300,2,5
114,1,0,1,1,3,1,51,66,60,180,2,5
115,1,0,1,1,3,5,51,18,60,180,1,5
116,1,546,1,2,3,3,32,76,660,780,5,5
117,1,549,1,2,3,3,42,100,660,780,1,5
118,1,226,1,2,3,5,26,80,300,420,1,5
119,1,0,1,1,3,1,54,24,60,180,1,5
120,1,65,1,1,3,3,42,94,180,300,1,5
121,1,459,1,2,3,3,48,84,540,660,1,5
122,1,251,1,2,3,3,60,44,300,420,1,5
123,1,581,1,2,3,1,78,15,660,780,5,5
124,1,342,1,2,3,4,44,42,540,660,1,5
125,1,348,1,2,3,4,30,33,660,780,1,5
126,1,265,1,2,3,1,28,11,300,420,1,5
127,1,266,1,2,3,1,3,81,300,420,1,5
128,1,463,1,2,3,1,5,35,540,660,1,5
129,1,478,1,2,3,3,32,38,540,660,1,5
130,1,478,1,2,3,3,67,68,540,660,1,5
131,1,149,1,1,3,2,58,84,180,300,1,5
132,1,271,1,2,3,1,52,34,300,420,1,5
133,1,0,1,1,3,3,75,68,60,180,1,5
134,1,0,1,1,3,3,25,63,60,180,1,5
135,1,77,1,1,3,1,23,27,180,300,1,5
136,1,388,1,2,3,2,66,86,540,660,1,5
137,1,0,1,1,3,3,50,64,180,300,1,5
138,1,0,1,1,3,1,28,11,180,300,1,5
139,1,0,1,1,3,1,35,54,60,180,1,5
140,1,391,1,2,3,1,18,47,540,660,1,5
141,1,535,1,2,3,1,78,2,540,660,1,5
142,1,0,1,1,3,3,34,47,60,180,1,5
143,1,0,1,1,3,1,49,49,60,180,1,5
144,1,0,1,1,3,1,16,53,60,180,2,5
145,1,0,1,1,3,1,37,56,60,180,1,5
146,1,0,1,1,3,1,3,12,60,180,1,5
147,1,0,1,1,3,1,32,42,60,180,1,5
148,1,133,1,1,3,1,42,64,180,300,1,5
149,1,571,1,2,3,3,81,55,660,780,1,5
150,1,574,1,2,3,3,24,85,660,780,1,5
151,1,513,1,2,3,3,65,55,540,660,1,5
152,1,533,1,2,3,3,49,48,540,660,1,5
153,1,567,1,2,3,3,18,91,660,780,1,5
154,1,522,1,2,3,3,34,29,540,660,1,5
155,1,87,1,1,3,2,77,49,180,300,1,5
156,1,579,1,2,3,5,55,46,660,780,5,5
157,1,162,1,1,3,4,26,8,180,300,2,5
158,1,260,1,2,3,5,21,35,300,420,1,5
159,1,375,1,2,3,4,47,92,420,540,1,5
160,1,479,1,2,3,5,79,44,540,660,1,5
161,1,476,1,2,3,5,53,56,540,660,1,5
162,1,471,1,2,3,5,30,56,540,660,1,5
163,1,222,1,2,3,2,58,30,540,660,1,5
164,1,226,1,2,3,2,64,58,540,660,1,5
165,1,230,1,2,3,2,74,18,540,660,2,5
166,1,232,1,2,3,2,85,44,540,660,1,5
167,1,161,1,2,3,3,69,59,300,420,1,5
168,1,146,1,1,3,4,9,64,180,300,1,5
169,1,0,1,1,3,2,59,79,60,180,2,5
170,1,145,1,1,3,3,28,98,180,300,3,5
171,1,239,1,2,3,3,40,90,300,420,1,5
172,1,578,1,2,3,4,40,43,660,780,1,5
173,1,176,1,1,3,2,32,27,180,300,1,5
174,1,28,1,1,3,4,22,42,60,180,5,5
175,1,53,1,1,3,1,39,44,60,180,1,5
176,1,57,1,1,3,1,5,31,60,180,1,5
177,1,63,1,1,3,4,47,69,180,300,1,5
178,1,410,1,2,3,1,28,29,420,540,1,5
179,1,256,1,2,3,4,76,57,300,420,1,5
180,1,0,1,1,3,4,84,63,60,180,1,5
181,1,0,1,1,3,4,60,87,60,180,1,5
182,1,487,1,2,3,5,63,34,540,660,1,5
183,1,160,1,1,3,3,51,67,180,300,1,5
184,1,142,1,2,3,4,42,92,180,300,5,5
185,1,191,1,2,3,3,17,67,300,420,1,5
186,1,183,1,2,3,1,46,34,300,420,1,5
187,1,618,1,2,3,4,36,81,660,780,1,5
188,1,584,1,2,3,3,71,45,660,780,2,5
189,1,189,1,2,3,5,65,30,300,420,1,5
190,1,108,1,1,3,3,46,57,180,300,1,5
191,1,165,1,1,3,1,32,24,180,300,1,5
192,1,643,1,2,3,4,86,78,660,780,1,5
193,1,0,1,1,3,4,52,80,120,420,4,5
194,1,69,1,1,3,2,46,72,180,300,5,5
195,1,178,1,1,3,4,18,62,180,300,4,5
196,1,189,1,2,3,4,62,59,300,420,3,5
197,1,0,1,1,3,4,34,59,60,180,1,5
198,1,429,1,2,3,2,48,70,540,660,1,5
199,1,307,1,2,3,2,75,45,420,540,1,5
200,1,0,1,1,3,3,43,48,180,300,2,5
201,1,0,1,1,3,4,48,81,180,300,1,5
202,1,106,1,1,3,3,47,51,180,300,1,5
203,1,591,1,2,3,2,44,23,660,780,1,5
204,1,3,1,1,3,2,86,17,180,300,2,5
205,1,142,1,1,3,1,44,64,180,300,1,5
206,1,571,1,2,3,2,78,42,660,780,2,5
207,1,620,1,2,3,1,23,25,660,780,1,5
208,1,24,1,1,3,1,38,17,60,180,5,5
209,1,0,1,1,3,1,40,18,60,180,2,5
210,1,410,1,2,3,1,58,5,660,780,1,5
211,1,0,1,1,3,4,84,78,120,420,10,5
212,1,0,1,1,3,4,13,42,120,420,6,5
213,1,0,1,1,3,4,24,71,120,420,10,5
214,1,58,1,1,3,4,53,63,60,180,1,5
215,1,84,1,1,3,4,85,67,180,300,5,5
216,1,112,1,1,3,4,14,35,180,300,2,5
217,1,147,1,1,3,4,21,35,180,300,5,5
218,1,162,1,1,3,4,38,64,180,300,5,5
219,1,563,1,2,3,2,51,81,660,780,1,5
220,1,0,1,1,3,5,68,69,60,180,1,5
221,1,0,1,1,3,5,11,51,60,180,1,5
222,1,253,1,2,3,2,71,85,300,420,1,5
223,1,272,1,2,3,1,8,66,300,420,2,5
224,1,370,1,2,3,1,11,35,540,660,2,5
225,1,165,1,1,3,3,81,55,180,300,1,5
226,1,594,1,2,3,1,25,17,660,780,1,5
227,1,605,1,2,3,5,32,22,660,780,1,5
228,1,145,1,1,3,4,22,43,180,300,1,5
229,1,101,1,1,3,2,56,46,180,300,1,5
230,1,77,1,1,3,3,41,45,180,300,1,5
231,1,609,1,2,3,4,47,96,660,780,1,5
232,1,0,1,1,3,3,85,75,180,300,3,5
233,1,107,1,1,3,5,54,57,180,300,1,5
234,1,554,1,2,3,2,45,11,660,780,2,5
235,1,558,1,2,3,2,91,32,660,780,1,5
236,1,464,1,2,3,5,25,68,540,660,1,5
237,1,0,1,1,3,5,21,64,60,180,1,5
238,1,0,1,1,3,4,66,42,180,300,1,5
239,1,0,1,1,3,4,37,91,60,180,5,5
240,1,417,1,2,3,2,28,66,420,540,1,5
241,1,419,1,2,3,2,35,13,420,540,1,5
242,1,580,1,2,3,3,52,73,660,780,1,5
243,1,144,1,1,3,1,33,85,180,300,2,5
244,1,0,1,1,3,4,50,68,60,180,1,5
245,1,0,1,1,3,4,37,94,60,180,1,5
246,1,0,1,1,3,1,22,36,60,180,1,5
247,1,368,1,2,3,5,27,96,420,540,1,5
248,1,0,1,1,3,4,50,95,180,300,1,5
249,1,53,1,1,3,3,86,72,60,180,1,5
250,1,0,1,1,3,3,73,76,60,180,1,5
251,1,356,1,2,3,2,47,87,420,540,1,5
252,1,446,1,2,3,2,37,19,540,660,1,5
253,1,33,1,1,3,4,10,63,60,180,1,5
254,1,648,1,2,3,1,27,53,660,780,1,5
255,1,439,1,2,3,3,74,69,660,780,1,5
256,1,0,1,1,3,5,65,35,60,180,1,5
257,1,0,1,1,3,5,58,53,60,180,3,5
258,1,0,1,2,3,4,16,51,300,420,1,5
259,1,0,1,1,3,2,49,20,180,300,1,5
260,1,280,1,2,3,1,12,89,300,420,1,5
261,1,532,1,2,3,4,21,79,540,660,1,5
262,1,0,1,2,3,4,71,68,420,540,1,5
263,1,0,1,1,3,3,35,87,60,180,1,5
264,1,69,1,1,3,4,92,83,180,300,1,5
265,1,0,1,1,3,1,-1,76,180,300,1,5
266,1,0,1,1,3,5,36,41,60,180,1,5
267,1,634,1,2,3,4,72,78,660,780,3,5
268,1,0,1,1,3,3,38,39,60,180,1,5
269,1,524,1,2,3,3,69,71,660,780,1,5
270,1,658,1,2,3,3,27,64,660,780,1,5
271,1,660,1,2,3,3,60,44,660,780,1,5
272,1,501,1,2,3,3,76,94,660,780,2,5
273,1,504,1,2,3,3,41,46,660,780,3,5
274,1,509,1,2,3,3,65,85,660,780,3,5
275,1,511,1,2,3,3,57,63,660,780,1,5
276,1,515,1,2,3,3,68,70,660,780,1,5
277,1,518,1,2,3,3,85,72,660,780,1,5
278,1,0,1,1,3,4,47,89,180,300,1,5
279,1,323,1,2,3,4,26,54,420,540,1,5
280,1,84,1,1,3,5,24,68,180,300,1,5
281,1,72,1,1,3,3,20,84,180,300,1,5
282,1,337,1,2,3,5,28,47,420,540,1,5
283,1,0,1,1,3,4,46,44,60,180,1,5
284,1,0,1,1,3,3,50,89,180,300,1,5
285,1,66,1,1,3,4,48,69,180,300,1,5
286,1,402,1,2,3,2,33,56,420,540,1,5
287,1,0,1,2,3,4,25,52,660,780,1,5
288,1,0,1,1,3,1,32,29,60,180,1,5
289,1,136,1,1,3,5,82,82,180,300,3,5
290,1,654,1,2,3,4,31,61,660,780,1,5
291,1,57,1,1,3,3,38,72,180,300,2,5
292,1,65,1,1,3,3,43,53,180,300,2,5
293,1,75,1,1,3,3,20,78,180,300,1,5
294,1,0,1,1,3,5,56,40,60,180,3,5
295,1,0,1,1,3,3,41,40,60,180,1,5
296,1,0,1,1,3,4,16,73,180,300,1,5
297,1,0,1,1,3,5,31,79,180,300,1,5
298,1,354,1,2,3,3,43,95,420,540,1,5
299,1,0,1,1,3,1,47,49,180,300,2,5
300,1,579,1,2,3,1,13,81,660,780,1,5
301,1,409,1,2,3,5,20,38,420,540,5,5
302,1,0,1,1,3,5,50,39,60,180,5,5
303,1,161,1,1,3,1,26,29,180,300,1,5
304,1,85,1,1,3,3,68,47,180,300,1,5
305,1,428,1,2,3,2,53,32,540,660,1,5
306,1,437,1,2,3,3,50,45,540,660,1,5
307,1,286,1,2,3,4,48,82,420,540,1,5
308,1,411,1,2,3,3,35,46,420,540,1,5
309,1,574,1,2,3,4,39,93,660,780,1,5
310,1,577,1,2,3,4,43,64,660,780,1,5
311,1,593,1,2,3,4,77,69,660,780,1,5
312,1,233,1,2,3,2,40,18,300,420,1,5
313,1,575,1,2,3,2,52,80,660,780,1,5
314,1,45,1,1,3,1,47,48,60,180,1,5
315,1,305,1,2,3,4,21,53,420,540,1,5
316,1,0,1,2,3,3,80,67,540,660,1,5
317,1,0,1,2,3,1,11,78,540,660,1,5
318,1,285,1,2,3,5,23,21,300,420,1,5
319,1,0,1,1,3,5,24,76,180,300,1,5
320,1,0,1,1,3,5,20,70,180,300,1,5
321,1,0,1,1,3,5,25,24,180,300,1,5
322,1,160,1,1,3,5,60,38,180,300,3,5
323,1,0,1,2,3,4,38,62,420,540,1,5
324,1,105,1,2,3,4,89,81,420,540,1,5
325,1,388,1,2,3,2,84,8,420,540,1,5
326,1,82,1,1,3,2,44,74,180,300,1,5
327,1,0,1,1,3,5,26,45,60,180,1,5
328,1,0,1,1,3,4,14,36,60,180,3,5
329,1,0,1,1,3,4,45,51,60,180,5,5
330,1,81,1,1,3,4,53,89,180,300,5,5
331,1,95,1,1,3,4,31,73,180,300,1,5
332,1,271,1,2,3,4,37,94,300,420,5,5
333,1,272,1,2,3,4,48,87,300,420,5,5
334,1,279,1,2,3,4,61,45,300,420,5,5
335,1,286,1,2,3,4,48,11,300,420,5,5
336,1,0,1,1,3,4,20,81,60,180,2,5
337,1,88,1,1,3,3,50,64,180,300,1,5
338,1,167,1,1,3,4,24,79,180,300,5,5
339,1,171,1,1,3,4,47,47,180,300,5,5
340,1,0,1,1,3,3,62,56,120,420,6,5
341,1,147,1,1,3,3,59,44,180,300,3,5
342,1,0,1,1,3,1,53,62,60,180,1,5
343,1,0,1,1,3,5,58,54,60,180,5,5
344,1,102,1,1,3,5,55,41,180,300,1,5
345,1,642,1,2,3,3,69,89,660,780,1,5
346,1,0,1,1,3,4,28,36,60,180,1,5
347,1,631,1,2,3,5,54,49,660,780,1,5
348,1,351,1,2,3,4,17,40,420,540,1,5
349,1,0,1,1,3,1,30,11,60,180,1,5
350,1,66,1,1,3,4,44,73,180,300,1,5
351,1,428,1,2,3,4,27,33,540,660,2,5
352,1,0,1,1,3,1,62,15,60,180,1,5
353,1,0,1,1,3,1,5,85,180,300,1,5
354,1,0,1,1,3,1,43,50,180,300,1,5
355,1,0,1,1,3,1,66,28,180,300,1,5
356,1,0,1,1,3,1,39,80,180,300,1,5
357,1,0,1,1,3,1,36,24,180,300,1,5
358,1,82,1,1,3,4,29,79,180,300,1,5
359,1,0,1,1,3,5,75,60,60,180,3,5
360,1,599,1,2,3,3,43,91,660,780,1,5
361,1,645,1,2,3,4,71,66,660,780,1,5
362,1,476,1,2,3,4,50,83,540,660,1,5
363,1,0,1,1,3,5,43,40,180,300,3,5
364,1,0,1,1,3,4,12,75,60,180,1,5
365,1,251,1,2,3,1,53,35,300,420,5,5
366,1,131,1,1,3,4,48,83,180,300,3,5
367,1,298,1,2,3,3,69,88,300,420,1,5
368,1,0,1,1,3,3,28,81,180,300,1,5
369,1,536,1,2,3,4,53,97,540,660,2,5
370,1,0,1,1,3,5,66,34,60,180,3,5
371,1,0,1,1,3,5,4,89,60,180,3,5
372,1,0,1,1,3,5,64,32,60,180,5,5
373,1,0,1,1,3,5,2,86,60,180,5,5
374,1,384,1,2,3,3,49,89,420,540,1,5
375,1,0,1,1,3,4,79,51,60,180,1,5
376,1,0,1,1,3,1,4,59,60,180,1,5
377,1,34,1,1,3,2,30,68,60,180,2,5
378,1,146,1,1,3,5,42,52,180,300,5,5
379,1,173,1,1,3,5,22,67,180,300,5,5
380,1,192,1,2,3,5,69,68,300,420,5,5
381,1,207,1,2,3,5,40,52,300,420,5,5
382,1,489,1,2,3,3,62,71,540,660,5,5
383,1,0,1,1,3,1,21,77,180,300,1,5
384,1,0,1,1,3,1,53,17,180,300,1,5
385,1,142,1,1,3,3,17,81,180,300,1,5
386,1,6,1,1,3,1,24,40,60,180,1,5
387,1,165,1,1,3,1,15,79,180,300,1,5
388,1,238,1,2,3,1,25,17,300,420,1,5
389,1,58,1,1,3,2,73,22,180,300,2,5
390,1,154,1,1,3,4,53,70,180,300,1,5
391,1,429,1,2,3,3,69,74,540,660,1,5
392,1,0,1,1,3,3,19,83,60,180,1,5
393,1,0,1,1,3,4,15,75,180,300,2,5
394,1,0,1,1,3,4,17,33,180,300,2,5
395,1,178,1,1,3,3,51,60,180,300,1,5
396,1,0,1,1,3,3,34,28,180,300,1,5
397,1,140,1,1,3,1,44,25,180,300,1,5
398,1,0,1,1,3,2,78,40,180,300,1,5
399,1,122,1,1,3,2,89,51,180,300,1,5
400,1,432,1,2,3,2,54,32,540,660,1,5
401,1,314,1,2,3,4,16,66,420,540,5,5
402,1,0,1,1,3,1,7,78,180,300,1,5
403,1,0,1,1,3,1,15,63,180,300,1,5
404,1,38,1,1,3,4,11,47,180,300,2,5
405,1,310,1,2,3,2,50,57,420,540,1,5
406,1,376,1,2,3,2,68,13,420,540,1,5
407,1,378,1,2,3,2,86,39,420,540,1,5
408,1,0,1,2,3,2,70,43,180,300,1,5
409,1,111,1,1,3,5,58,15,180,300,1,5
410,1,143,1,1,3,3,26,30,180,300,1,5
411,1,117,1,1,3,4,16,40,180,300,1,5
412,1,245,1,2,3,4,95,76,300,420,1,5
413,1,552,1,2,3,1,19,92,660,780,1,5
414,1,0,1,1,3,4,21,69,180,300,1,5
415,1,11,1,1,3,3,36,69,60,180,1,5
416,1,0,1,1,3,1,35,46,60,180,1,5
417,1,598,1,2,3,2,91,49,660,780,2,5
418,1,0,1,1,3,1,61,22,60,180,3,5
419,1,265,1,2,3,3,53,52,300,420,1,5
420,1,651,1,2,3,2,66,86,660,780,1,5
421,1,136,1,1,3,2,35,93,180,300,5,5
422,1,169,1,1,3,3,67,77,180,300,1,5
423,1,313,1,2,3,1,7,77,420,540,4,5
424,1,77,1,1,3,1,7,11,180,300,3,5
425,1,146,1,1,3,5,15,59,180,300,5,5
426,1,0,1,1,3,2,76,43,60,180,3,5
427,1,445,1,2,3,1,49,38,540,660,1,5
428,1,0,1,1,3,1,76,3,180,300,4,5
429,1,161,1,1,3,4,40,42,180,300,4,5
430,1,0,1,1,3,1,41,30,60,180,2,5
431,1,98,1,1,3,3,81,65,180,300,3,5
432,1,587,1,2,3,4,13,76,660,780,1,5
433,1,588,1,2,3,4,28,34,660,780,1,5
434,1,596,1,2,3,4,15,70,660,780,1,5
435,1,597,1,2,3,4,75,42,660,780,1,5
436,1,120,1,1,3,5,26,57,180,300,4,5
437,1,536,1,2,3,3,25,66,660,780,1,5
438,1,460,1,2,3,5,67,33,660,780,2,5
439,1,463,1,2,3,5,44,30,660,780,2,5
440,1,125,1,1,3,5,32,21,180,300,1,5
441,1,414,1,2,3,2,17,24,420,540,1,5
442,1,483,1,2,3,2,44,33,660,780,1,5
443,1,112,1,1,3,4,18,33,180,300,2,5
444,1,314,1,2,3,4,49,93,420,540,2,5
445,1,142,1,1,3,1,26,23,180,300,3,5
446,1,89,1,1,3,2,90,70,180,300,1,5
447,1,0,1,1,3,5,27,37,180,300,4,5
448,1,459,1,2,3,4,21,47,660,780,5,5
449,1,459,1,2,3,4,17,38,660,780,5,5
450,1,459,1,2,3,4,43,57,660,780,5,5
451,1,459,1,2,3,4,26,49,660,780,5,5
452,1,459,1,2,3,4,40,68,660,780,5,5
453,1,459,1,2,3,4,34,88,660,780,5,5
454,1,459,1,2,3,4,41,94,660,780,5,5
455,1,459,1,2,3,4,37,76,660,780,5,5
456,1,459,1,2,3,4,26,6,660,780,5,5
457,1,0,1,1,3,1,51,64,60,180,1,5
458,1,0,1,1,3,1,56,39,60,180,2,5
459,1,0,1,1,3,1,5,77,60,180,2,5
460,1,0,1,1,3,1,38,24,60,180,2,5
461,1,0,1,1,3,1,36,26,60,180,2,5
462,1,0,1,1,3,1,6,22,60,180,2,5
463,1,0,1,1,3,1,51,57,60,180,2,5
464,1,0,1,1,3,1,30,18,60,180,2,5
465,1,0,1,1,3,1,38,16,60,180,2,5
466,1,0,1,1,3,4,33,66,180,300,1,5
467,1,307,1,2,3,4,29,51,420,540,1,5
468,1,0,1,1,3,3,48,30,60,180,5,5
469,1,210,1,2,3,4,17,59,300,420,1,5
470,1,229,1,2,3,2,23,92,300,420,1,5
471,1,0,1,2,3,3,18,89,300,420,1,5
472,1,0,1,2,3,3,52,59,300,420,1,5
473,1,0,1,2,3,3,85,53,300,420,1,5
474,1,0,1,2,3,3,77,59,300,420,1,5
475,1,0,1,2,3,3,62,55,300,420,5,5
476,1,201,1,2,3,3,41,53,300,420,1,5
477,1,0,1,2,3,3,26,55,300,420,1,5
478,1,0,1,2,3,3,25,88,300,420,1,5
479,1,0,1,1,3,1,55,12,60,180,1,5
480,1,150,1,1,3,4,20,41,180,300,1,5
481,1,0,1,2,3,2,23,19,300,420,1,5
482,1,0,1,1,3,1,52,36,60,180,1,5
483,1,0,1,1,3,2,65,38,180,300,1,5
484,1,0,1,1,3,3,57,84,60,180,1,5
485,1,517,1,2,3,2,92,41,540,660,1,5
486,1,189,1,2,3,3,49,84,300,420,1,5
487,1,0,1,1,3,1,27,52,180,300,5,5
488,1,139,1,1,3,3,71,70,180,300,1,5
489,1,0,1,1,3,1,57,45,60,180,1,5
490,1,91,1,2,3,2,36,44,420,540,1,5
491,1,0,1,1,3,3,54,67,60,180,1,5
492,1,224,1,2,3,1,30,76,300,420,1,5
493,1,0,1,1,3,5,78,49,180,300,1,5
494,1,124,1,1,3,5,57,32,180,300,1,5
495,1,174,1,1,3,3,34,44,180,300,1,5
496,1,0,1,1,3,2,20,73,60,180,5,5
497,1,334,1,2,3,3,39,41,420,540,1,5
498,1,149,1,1,3,4,45,42,180,300,5,5
499,1,211,1,2,3,4,47,59,300,420,1,5
500,1,0,1,1,3,4,29,36,180,300,1,5
501,1,0,1,1,3,4,56,53,180,300,1,5
502,1,0,1,1,3,4,28,34,180,300,1,5
503,1,615,1,2,3,4,72,66,660,780,1,5
504,1,281,1,2,3,2,42,62,300,420,1,5
505,1,285,1,2,3,1,10,27,300,420,1,5
506,1,172,1,1,3,1,29,75,180,300,1,5
507,1,322,1,2,3,5,53,9,420,540,2,5
508,1,0,1,1,3,4,48,67,60,180,5,5
509,1,108,1,1,3,3,28,46,180,300,1,5
510,1,157,1,1,3,4,30,34,180,300,5,5
511,1,163,1,1,3,3,76,52,180,300,1,5
512,1,513,1,2,3,3,35,47,540,660,1,5
513,1,167,1,1,3,1,15,78,180,300,1,5
514,1,137,1,1,3,4,43,85,180,300,2,5
515,1,75,1,1,3,4,38,64,180,300,1,5
516,1,417,1,2,3,3,73,56,540,660,2,5
517,1,420,1,2,3,3,42,54,540,660,1,5
518,1,432,1,2,3,3,72,58,540,660,2,5
519,1,435,1,2,3,3,75,77,540,660,1,5
520,1,0,1,1,3,1,36,54,60,180,5,5
521,1,465,1,2,3,4,38,46,540,660,1,5
522,1,0,1,1,3,3,58,87,60,180,2,5
523,1,644,1,2,3,3,23,82,660,780,1,5
524,1,620,1,2,3,1,44,67,660,780,1,5
525,1,348,1,2,3,3,82,91,420,540,2,5
526,1,0,1,1,3,4,72,66,60,180,2,5
527,1,33,1,1,3,3,71,90,60,180,1,5
528,1,391,1,2,3,1,38,17,420,540,3,5
529,1,41,1,1,3,2,48,34,60,180,2,5
530,1,202,1,2,3,4,43,50,300,420,1,5
531,1,79,1,1,3,3,34,68,180,300,1,5
532,1,630,1,2,3,1,5,83,660,780,1,5
533,1,0,1,1,3,4,30,35,60,180,1,5
534,1,283,1,2,3,4,29,34,300,420,1,5
535,1,0,1,1,3,1,34,14,60,180,2,5
536,1,0,1,1,3,3,77,94,180,300,1,5
537,1,584,1,2,3,2,26,58,660,780,1,5
538,1,117,1,1,3,1,20,71,180,300,2,5
539,1,254,1,2,3,1,3,85,540,660,3,5
540,1,0,1,1,3,2,21,61,60,180,1,5
541,1,54,1,1,3,2,84,10,60,180,1,5
542,1,57,1,1,3,2,62,57,60,180,1,5
543,1,59,1,1,3,2,35,27,60,180,1,5
544,1,69,1,1,3,2,92,40,180,300,1,5
545,1,191,1,2,3,3,4,71,300,420,1,5
546,1,218,1,2,3,3,31,36,300,420,1,5
547,1,0,1,1,3,5,48,46,180,300,1,5
548,1,0,1,1,3,5,34,22,180,300,1,5
549,1,114,1,1,3,2,64,25,180,300,1,5
550,1,0,1,1,3,1,39,35,60,180,1,5
551,1,618,1,2,3,1,5,24,660,780,1,5
552,1,205,1,2,3,3,46,99,660,780,1,5
553,1,437,1,2,3,3,45,73,660,780,1,5
554,1,470,1,2,3,3,38,82,540,660,1,5
555,1,434,1,2,3,3,41,88,540,660,1,5
556,1,97,1,1,3,1,56,10,180,300,2,5
557,1,67,1,1,3,4,29,36,180,300,5,5
558,1,0,1,1,3,2,-1,88,60,180,2,5
559,1,0,1,1,3,2,42,94,60,180,1,5
560,1,0,1,1,3,4,38,44,180,300,1,5
561,1,0,1,1,3,2,82,45,180,300,1,5
562,1,0,1,1,3,5,60,29,180,300,3,5
563,1,174,1,1,3,4,11,34,180,300,4,5
564,1,0,1,1,3,1,43,19,60,180,1,5
565,1,0,1,1,3,1,45,25,180,300,1,5
566,1,87,1,1,3,2,11,60,180,300,2,5
567,1,454,1,2,3,4,48,13,540,660,1,5
568,1,338,1,2,3,4,78,78,420,540,1,5
569,1,537,1,2,3,3,40,37,660,780,5,5
570,1,52,1,1,3,1,27,24,180,300,4,5
571,1,197,1,2,3,3,23,85,540,660,4,5
572,1,632,1,2,3,1,23,21,660,780,1,5
573,1,298,1,2,3,4,17,40,300,420,3,5
574,1,475,1,2,3,1,29,22,660,780,1,5
575,1,0,1,1,3,4,99,78,180,300,2,5
576,1,196,1,2,3,1,25,79,300,420,1,5
577,1,152,1,1,3,3,79,92,180,300,1,5
578,1,477,1,2,3,2,80,72,540,660,1,5
579,1,18,1,1,3,1,31,76,180,300,3,5
580,1,474,1,2,3,5,64,31,540,660,2,5
581,1,0,1,1,3,5,54,48,60,180,1,5
582,1,370,1,2,3,3,59,40,420,540,1,5
583,1,615,1,2,3,3,35,45,660,780,1,5
584,1,0,1,1,3,4,49,89,60,180,1,5
585,1,149,1,1,3,5,54,18,180,300,3,5
586,1,0,1,1,3,2,65,61,60,180,1,5
587,1,107,1,1,3,1,40,58,180,300,2,5
588,1,0,1,1,3,4,84,66,60,180,3,5
589,1,248,1,2,3,4,35,73,300,420,1,5
590,1,622,1,2,3,4,39,93,660,780,2,5
591,1,284,1,2,3,5,32,20,300,420,3,5
592,1,80,1,2,3,2,30,78,660,780,1,5
593,1,433,1,2,3,1,31,67,540,660,1,5
594,1,576,1,2,3,4,71,51,660,780,1,5
595,1,399,1,2,3,2,50,19,420,540,1,5
596,1,117,1,1,3,3,23,32,180,300,1,5
597,1,0,1,1,3,5,19,82,180,300,1,5
598,1,82,1,1,3,5,6,75,180,300,1,5
599,1,0,1,1,3,3,48,56,60,180,1,5
600,1,0,1,1,3,3,79,74,60,180,1,5
601,1,0,1,1,3,3,79,58,60,180,1,5
602,1,601,1,2,3,4,24,85,660,780,1,5
603,1,297,1,2,3,4,17,32,300,420,1,5
604,1,17,1,1,3,1,41,50,60,180,1,5
605,1,23,1,1,3,1,4,10,60,180,1,5
606,1,55,1,1,3,4,15,35,60,180,1,5
607,1,0,1,1,3,3,23,94,180,300,1,5
608,1,0,1,1,3,3,28,78,180,300,1,5
609,1,0,1,1,3,4,5,47,60,180,1,5
610,1,266,1,2,3,2,49,57,660,780,1,5
611,1,55,1,1,3,5,82,54,60,180,3,5
612,1,58,1,1,3,4,56,47,60,180,4,5
613,1,0,1,1,3,1,17,60,180,300,1,5
614,1,444,1,2,3,3,41,57,540,660,1,5
615,1,139,1,1,3,2,35,12,180,300,1,5
616,1,634,1,2,3,3,34,59,660,780,1,5
617,1,65,1,1,3,1,51,36,180,300,1,5
618,1,510,1,2,3,1,52,10,540,660,1,5
619,1,0,1,1,3,3,35,56,60,180,1,5
620,1,0,1,1,3,3,67,58,60,180,1,5
621,1,0,1,1,3,3,25,27,60,180,1,5
622,1,0,1,1,3,4,38,66,60,180,1,5
623,1,634,1,2,3,5,43,46,660,780,1,5
624,1,656,1,2,3,4,16,81,660,780,3,5
625,1,0,1,1,3,4,76,51,60,180,1,5
626,1,475,1,2,3,1,61,23,540,660,2,5
627,1,0,1,1,3,1,52,33,60,180,1,5
628,1,171,1,1,3,4,40,91,180,300,2,5
629,1,350,1,2,3,4,16,78,420,540,1,5
630,1,468,1,2,3,5,80,44,540,660,1,5
631,1,429,1,2,3,3,84,67,540,660,1,5
632,1,584,1,2,3,3,83,49,660,780,1,5
633,1,0,1,2,3,5,24,23,420,540,1,5
634,1,0,1,1,3,1,17,12,60,180,5,5
635,1,252,1,2,3,4,-1,80,300,420,1,5
636,1,625,1,2,3,1,43,62,660,780,5,5
637,1,225,1,2,3,4,37,93,300,420,5,5
638,1,130,1,1,3,5,65,63,180,300,1,5
639,1,636,1,2,3,4,75,51,660,780,1,5
640,1,0,1,1,3,4,4,78,60,180,1,5
641,1,398,1,2,3,5,32,21,420,540,1,5
642,1,0,1,1,3,2,68,12,60,180,1,5
643,1,0,1,1,3,2,87,69,60,180,1,5
644,1,91,1,1,3,4,68,45,180,300,1,5
645,1,121,1,1,3,5,20,77,180,300,3,5
646,1,223,1,2,3,3,73,64,300,420,1,5
647,1,239,1,2,3,3,61,46,300,420,1,5
648,1,241,1,2,3,3,59,71,300,420,1,5
649,1,253,1,2,3,3,70,78,300,420,1,5
650,1,0,1,1,3,3,38,42,60,180,1,5
651,1,0,1,1,3,3,73,84,60,180,1,5
652,1,255,1,2,3,2,89,23,300,420,1,5
653,1,31,1,1,3,3,17,84,180,300,1,5
654,1,160,1,1,3,5,84,77,180,300,5,5
655,1,0,1,1,3,3,27,82,60,180,5,5
656,1,552,1,2,3,4,37,63,660,780,1,5
657,1,342,1,2,3,4,44,51,420,540,1,5
658,1,344,1,2,3,4,48,68,420,540,1,5
659,1,0,1,1,3,2,86,19,180,300,1,5
660,1,0,1,1,3,2,62,25,180,300,1,5
661,1,0,1,1,3,2,10,25,180,300,1,5
662,1,0,1,1,3,2,36,45,180,300,1,5
663,1,56,1,1,3,3,27,62,180,300,1,5
664,1,0,1,1,3,4,54,93,60,180,5,5
665,1,17,1,1,3,3,52,40,60,180,1,5
666,1,0,1,1,3,3,65,79,60,180,1,5
667,1,0,1,1,3,4,31,68,60,180,1,5
668,1,0,1,2,3,3,28,87,660,780,2,5
669,1,0,1,1,3,4,16,74,60,180,1,5
670,1,164,1,1,3,5,55,35,180,300,1,5
671,1,173,1,1,3,1,26,28,180,300,5,5
672,1,0,1,1,3,5,1,88,60,180,5,5
673,1,0,1,1,3,5,32,22,60,180,1,5
674,1,0,1,1,3,5,3,88,60,180,2,5
675,1,440,1,2,3,2,34,20,540,660,5,5
676,1,420,1,2,3,3,67,68,540,660,2,5
677,1,422,1,2,3,3,59,82,540,660,6,5
678,1,304,1,2,3,5,6,74,420,540,3,5
679,1,319,1,2,3,2,2,81,420,540,1,5
680,1,413,1,2,3,5,59,17,420,540,6,5
681,1,304,1,2,3,5,24,35,420,540,5,5
682,1,150,1,1,3,2,36,63,180,300,1,5
683,1,440,1,2,3,2,88,15,540,660,4,5
684,1,304,1,2,3,5,78,51,420,540,3,5
685,1,606,1,2,3,5,52,18,660,780,3,5
686,1,66,1,1,3,2,33,42,180,300,1,5
687,1,304,1,2,3,5,33,22,420,540,3,5
688,1,304,1,2,3,5,64,67,420,540,4,5
689,1,304,1,2,3,5,33,22,420,540,5,5
690,1,413,1,2,3,5,22,77,420,540,6,5
691,1,157,1,1,3,2,25,62,180,300,5,5
692,1,150,1,1,3,2,50,49,180,300,4,5
693,1,521,1,2,3,5,73,61,540,660,2,5
694,1,440,1,2,3,2,70,52,540,660,4,5
695,1,440,1,2,3,2,39,21,540,660,4,5
696,1,157,1,1,3,2,25,28,180,300,1,5
1,,,2,2,2,4,38,64,180,420,1,5
2,,,2,2,2,4,11,49,180,420,1,5
3,,,2,2,2,4,29,74,180,420,1,5
4,,,2,2,2,4,50,87,180,420,1,5
5,,,2,2,2,4,55,76,180,420,1,5
6,,,2,2,2,4,47,12,180,420,1,5
7,,,2,2,2,4,55,40,180,420,1,5
8,,,1,1,2,2,87,20,720,900,2,5
9,,,1,1,2,1,17,18,660,900,3,5
10,,,1,1,2,1,15,12,660,900,5,5
11,,,1,1,2,2,88,60,660,900,5,5
12,,,2,2,2,4,49,43,180,420,6,5
13,,,2,2,2,4,32,63,180,420,3,5
14,,,2,2,2,4,11,66,180,420,4,5
15,,,1,1,2,4,70,66,660,900,4,5
16,,,2,2,2,3,62,71,180,420,1,5
17,,,2,2,2,4,78,64,180,420,6,5
18,,,2,2,2,3,72,75,180,420,5,5
19,,,1,1,2,1,51,22,660,900,3,5
20,,,2,2,2,4,47,47,180,420,3,5
21,,,1,1,2,2,63,76,660,900,5,5
22,,,2,2,2,2,8,79,180,420,5,5
23,,,2,2,2,1,7,11,180,420,2,5
24,,,1,1,2,1,27,14,660,900,1,5
25,,,1,1,2,1,28,20,660,900,5,5
26,,,1,1,2,2,36,37,660,900,5,5
27,,,1,1,2,4,54,88,660,900,1,5
28,,,1,1,2,4,51,41,660,900,5,5
29,,,1,1,2,2,27,85,660,900,3,5
30,,,1,1,2,1,30,19,660,900,5,5
31,,,1,1,2,1,5,83,660,780,1,5
32,,,2,2,2,2,4,78,300,420,1,5
33,,,1,1,2,4,27,83,660,900,1,5
34,,,2,2,2,3,56,40,180,420,1,5
35,,,2,2,2,4,0,80,180,420,1,5
36,,,1,1,2,3,71,65,660,900,1,5
37,,,1,1,2,2,44,74,660,900,1,5
38,,,1,1,2,4,38,68,660,900,1,5
39,,,1,1,2,4,63,45,660,900,1,5
40,,,1,1,2,5,52,12,660,900,2,5
41,,,2,2,2,4,44,83,180,420,4,5
42,,,2,2,2,3,51,78,180,420,1,5
43,,,2,2,2,2,95,24,180,420,2,5
44,,,1,1,2,2,25,91,660,900,1,5
45,,,1,1,2,4,16,48,660,900,1,5
46,,,1,1,2,3,56,89,660,900,1,5
47,,,2,2,2,4,29,69,180,420,5,5
48,,,1,1,2,2,10,86,660,900,1,5
49,,,1,1,2,2,12,32,660,900,1,5
50,,,1,1,2,2,15,75,660,900,1,5
51,,,1,1,2,2,55,33,660,900,1,5
52,,,1,1,2,2,58,51,660,900,1,5
53,,,1,1,2,2,58,20,660,900,1,5
54,,,1,1,2,3,58,48,660,900,5,5
55,,,2,2,2,1,4,84,180,420,1,5
56,,,1,1,2,5,20,74,660,900,1,5
57,,,1,1,2,4,17,72,660,900,1,5
58,,,2,2,2,5,43,22,180,420,1,5
59,,,2,2,2,2,16,86,180,420,2,5
60,,,2,2,2,5,26,32,180,420,1,5
61,,,1,1,2,5,27,32,660,900,1,5
62,,,1,1,2,4,28,36,660,900,3,5
63,,,2,2,2,1,42,25,180,420,1,5
64,,,1,1,2,3,66,65,660,900,3,5
65,,,1,1,2,3,54,89,660,900,1,5
66,,,2,2,2,1,3,30,180,420,1,5
67,,,1,1,2,2,41,92,660,900,1,5
68,,,1,1,2,1,18,26,660,900,1,5
69,,,1,1,2,5,58,15,660,900,1,5
70,,,1,1,2,4,39,93,660,900,1,5
71,,,1,1,2,5,53,48,660,900,1,5
72,,,1,1,2,1,22,19,660,900,1,5
73,,,1,1,2,1,58,7,660,900,1,5
74,,,1,1,2,2,76,57,660,900,1,5
75,,,1,1,2,2,22,26,660,900,1,5
76,,,1,1,2,4,22,63,660,900,1,5
77,,,1,1,2,4,12,65,660,900,1,5
78,,,1,1,2,4,18,82,660,900,1,5
79,,,2,2,2,5,30,31,180,420,3,5
80,,,1,1,2,4,75,68,660,900,1,5
81,,,2,2,2,5,22,30,180,420,1,5
82,,,1,1,2,2,46,92,660,900,5,5
83,,,2,2,2,5,55,27,180,420,1,5
84,,,2,2,2,3,59,48,180,420,1,5
85,,,1,1,2,1,51,17,660,900,2,5
86,,,1,1,2,1,8,86,660,900,1,5
87,,,1,1,2,5,52,44,660,900,1,5
88,,,1,1,2,2,35,14,660,900,1,5
89,,,1,1,2,5,14,50,660,900,1,5
90,,,2,2,2,3,40,35,180,420,1,5
91,,,1,1,2,4,41,48,660,900,1,5
92,,,2,2,2,4,44,70,180,420,2,5
93,,,1,1,2,4,15,50,660,900,1,5
94,,,2,2,2,5,65,52,180,420,1,5
95,,,2,2,2,4,41,97,180,420,1,5
96,,,1,1,2,3,82,47,660,900,1,5
97,,,2,2,2,3,37,63,180,420,1,5
98,,,1,1,2,3,65,70,660,900,1,5
99,,,1,1,2,5,93,34,660,900,1,5
100,,,1,1,2,4,71,43,660,900,1,5
101,,,2,2,2,3,68,65,180,420,1,5
102,,,1,1,2,5,77,48,660,900,1,5
103,,,1,1,2,2,90,36,660,900,1,5
104,,,2,2,2,4,40,93,180,420,1,5
105,,,1,1,2,3,93,92,660,900,1,5
106,,,1,1,2,4,11,38,660,900,1,5
107,,,1,1,2,2,85,33,660,900,1,5
108,,,1,1,2,3,30,81,660,900,1,5
109,,,1,1,2,1,26,27,660,900,1,5
110,,,1,1,2,4,36,58,660,900,1,5
111,,,1,1,2,4,16,25,660,900,1,5
112,,,1,1,2,4,33,49,660,900,3,5
113,,,1,1,2,5,59,19,660,900,2,5
114,,,1,1,2,5,4,87,660,900,2,5
115,,,1,1,2,4,72,68,660,900,1,5
116,,,2,2,2,1,32,44,180,420,5,5
117,,,2,2,2,4,24,14,180,420,1,5
118,,,2,2,2,4,68,49,180,420,1,5
119,,,1,1,2,2,43,93,660,900,1,5
120,,,1,1,2,2,40,92,660,900,1,5
121,,,2,2,2,2,60,46,180,420,1,5
122,,,2,2,2,1,37,39,180,420,1,5
123,,,2,2,2,2,41,83,180,420,5,5
124,,,2,2,2,2,27,85,180,420,1,5
125,,,2,2,2,3,6,74,180,420,1,5
126,,,2,2,2,5,79,60,180,420,1,5
127,,,2,2,2,3,20,94,180,420,1,5
128,,,2,2,2,3,62,58,180,420,1,5
129,,,2,2,2,4,55,40,180,420,1,5
130,,,2,2,2,2,28,93,180,420,1,5
131,,,1,1,2,3,58,59,660,900,1,5
132,,,2,2,2,4,27,78,180,420,1,5
133,,,1,1,2,1,61,33,660,900,1,5
134,,,1,1,2,4,13,35,660,900,1,5
135,,,1,1,2,4,24,84,660,900,1,5
136,,,2,2,2,3,0,85,180,420,1,5
137,,,1,1,2,5,25,44,660,900,1,5
138,,,1,1,2,4,28,36,660,900,1,5
139,,,1,1,2,4,23,68,660,900,1,5
140,,,2,2,2,4,29,36,180,420,1,5
141,,,2,2,2,4,45,18,180,420,1,5
142,,,1,1,2,5,52,69,660,900,1,5
143,,,1,1,2,2,31,94,660,900,1,5
144,,,1,1,2,2,77,31,660,900,2,5
145,,,1,1,2,4,17,40,660,900,1,5
146,,,1,1,2,2,76,46,660,900,1,5
147,,,1,1,2,3,15,55,660,900,1,5
148,,,1,1,2,2,17,79,660,900,1,5
149,,,2,2,2,2,11,75,180,420,1,5
150,,,2,2,2,2,19,91,180,420,1,5
151,,,2,2,2,2,35,31,180,420,1,5
152,,,2,2,2,2,60,76,180,420,1,5
153,,,2,2,2,1,48,61,180,420,1,5
154,,,2,2,2,4,28,36,180,420,1,5
155,,,1,1,2,3,29,84,660,900,1,5
156,,,2,2,2,1,50,32,180,420,5,5
157,,,1,1,2,3,49,89,660,900,2,5
158,,,2,2,2,3,33,82,180,420,1,5
159,,,2,2,2,3,6,83,180,420,1,5
160,,,2,2,2,3,40,54,180,420,1,5
161,,,2,2,2,3,85,68,180,420,1,5
162,,,2,2,2,3,25,83,180,420,1,5
163,,,2,2,2,4,12,47,180,420,1,5
164,,,2,2,2,5,66,80,180,420,1,5
165,,,2,2,2,1,32,25,180,420,2,5
166,,,2,2,2,4,79,54,180,420,1,5
167,,,2,2,2,2,57,48,180,420,1,5
168,,,1,1,2,5,56,14,660,900,1,5
169,,,1,1,2,3,55,46,660,900,2,5
170,,,1,1,2,1,31,62,660,900,3,5
171,,,2,2,2,5,10,70,180,420,1,5
172,,,2,2,2,3,55,57,180,420,1,5
173,,,1,1,2,5,34,23,660,900,1,5
174,,,1,1,2,3,72,58,660,900,5,5
175,,,1,1,2,2,84,15,660,900,1,5
176,,,1,1,2,2,78,59,660,900,1,5
177,,,1,1,2,3,63,49,660,900,1,5
178,,,2,2,2,3,25,55,180,420,1,5
179,,,2,2,2,1,27,60,180,420,1,5
180,,,1,1,2,3,58,43,660,900,1,5
181,,,1,1,2,3,52,44,660,900,1,5
182,,,2,2,2,2,56,59,180,420,1,5
183,,,1,1,2,4,30,36,660,900,1,5
184,,,2,2,2,3,42,73,180,420,5,5
185,,,2,2,2,5,79,35,180,420,1,5
186,,,2,2,2,3,48,55,180,420,1,5
187,,,2,2,2,2,38,17,180,420,1,5
188,,,2,2,2,1,42,68,660,900,2,5
189,,,2,2,2,3,30,37,180,420,1,5
190,,,1,1,2,4,28,34,660,900,1,5
191,,,1,1,2,4,56,11,660,900,1,5
192,,,2,2,2,3,80,55,180,420,1,5
193,,,1,1,2,3,63,72,660,900,4,5
194,,,1,1,2,4,33,87,660,900,5,5
195,,,1,1,2,3,14,58,660,900,4,5
196,,,2,2,2,3,32,45,180,420,3,5
197,,,1,1,2,1,37,65,660,900,1,5
198,,,2,2,2,4,48,69,180,420,1,5
199,,,2,2,2,3,87,85,180,420,1,5
200,,,1,1,2,4,73,62,660,900,2,5
201,,,1,1,2,1,53,54,660,900,1,5
202,,,1,1,2,1,49,37,660,900,1,5
203,,,2,2,2,3,46,68,180,420,1,5
204,,,1,1,2,3,19,67,660,900,2,5
205,,,1,1,2,3,27,79,660,900,1,5
206,,,2,2,2,1,33,44,180,420,2,5
207,,,2,2,2,3,70,53,180,420,1,5
208,,,1,1,2,4,54,84,660,900,5,5
209,,,1,1,2,3,57,43,660,900,2,5
210,,,2,2,2,4,56,48,180,420,1,5
211,,,1,1,2,3,22,91,660,900,10,5
212,,,1,1,2,3,34,67,660,900,6,5
213,,,1,1,2,3,14,68,660,900,10,5
214,,,1,1,2,3,33,84,660,900,1,5
215,,,1,1,2,3,44,29,660,900,5,5
216,,,1,1,2,3,30,44,660,900,2,5
217,,,1,1,2,3,45,70,660,900,5,5
218,,,1,1,2,1,39,37,660,900,5,5
219,,,2,2,2,3,47,94,180,420,1,5
220,,,1,1,2,2,40,62,660,900,1,5
221,,,1,1,2,1,37,85,660,900,1,5
222,,,2,2,2,1,16,18,180,420,1,5
223,,,2,2,2,4,60,48,180,420,2,5
224,,,2,2,2,4,9,60,180,420,2,5
225,,,1,1,2,2,78,44,660,900,1,5
226,,,2,2,2,4,28,35,180,420,1,5
227,,,2,2,2,4,30,34,180,420,1,5
228,,,1,1,2,3,71,83,660,900,1,5
229,,,1,1,2,3,56,65,660,900,1,5
230,,,1,1,2,4,28,34,660,900,1,5
231,,,2,2,2,1,49,57,180,420,1,5
232,,,1,1,2,5,80,56,660,900,3,5
233,,,1,1,2,1,27,53,660,900,1,5
234,,,2,2,2,3,21,90,180,420,2,5
235,,,2,2,2,3,51,64,180,420,1,5
236,,,2,2,2,3,46,88,180,420,1,5
237,,,1,1,2,1,60,28,660,900,1,5
238,,,1,1,2,3,36,83,660,900,1,5
239,,,1,1,2,5,40,25,660,900,5,5
240,,,2,2,2,3,51,46,180,420,1,5
241,,,2,2,2,3,54,66,180,420,1,5
242,,,2,2,2,2,26,84,180,420,1,5
243,,,1,1,2,3,71,63,660,900,2,5
244,,,1,1,2,3,17,81,660,900,1,5
245,,,1,1,2,1,37,84,660,900,1,5
246,,,1,1,2,2,89,27,660,900,1,5
247,,,2,2,2,1,51,66,180,420,1,5
248,,,1,1,2,2,26,82,660,900,1,5
249,,,1,1,2,4,17,40,660,900,1,5
250,,,1,1,2,5,55,36,660,900,1,5
251,,,2,2,2,5,57,23,180,420,1,5
252,,,2,2,2,1,49,64,180,420,1,5
253,,,1,1,2,3,85,82,660,900,1,5
254,,,2,2,2,3,47,66,180,420,1,5
255,,,2,2,2,1,41,70,180,420,1,5
256,,,1,1,2,1,35,33,660,900,1,5
257,,,1,1,2,4,10,73,660,900,3,5
258,,,2,2,2,3,13,80,180,420,1,5
259,,,1,1,2,4,69,46,660,900,1,5
260,,,2,2,2,2,42,32,180,420,1,5
261,,,2,2,2,3,59,40,180,420,1,5
262,,,2,2,2,1,42,44,180,420,1,5
263,,,1,1,2,1,57,7,660,900,1,5
264,,,1,1,2,3,56,94,660,900,1,5
265,,,1,1,2,5,45,15,660,900,1,5
266,,,1,1,2,3,67,80,660,900,1,5
267,,,2,2,2,1,1,77,180,420,3,5
268,,,1,1,2,1,34,63,660,900,1,5
269,,,2,2,2,4,75,57,180,420,1,5
270,,,2,2,2,2,51,42,180,420,1,5
271,,,2,2,2,2,56,77,180,420,1,5
272,,,2,2,2,1,14,55,180,420,2,5
273,,,2,2,2,4,56,93,180,420,3,5
274,,,2,2,2,1,7,12,180,420,3,5
275,,,2,2,2,5,54,32,180,420,1,5
276,,,2,2,2,1,11,63,180,420,1,5
277,,,2,2,2,4,28,37,180,420,1,5
278,,,1,1,2,3,37,79,660,900,1,5
279,,,2,2,2,3,47,51,180,420,1,5
280,,,1,1,2,3,70,52,660,900,1,5
281,,,1,1,2,1,36,59,660,900,1,5
282,,,2,2,2,4,54,92,180,420,1,5
283,,,1,1,2,1,31,66,660,900,1,5
284,,,1,1,2,5,44,35,660,900,1,5
285,,,1,1,2,1,37,66,660,900,1,5
286,,,2,2,2,3,41,82,180,420,1,5
287,,,2,2,2,2,65,48,180,420,1,5
288,,,1,1,2,3,32,67,660,900,1,5
289,,,1,1,2,2,91,19,660,900,3,5
290,,,2,2,2,3,72,83,180,420,1,5
291,,,1,1,2,5,18,80,660,900,2,5
292,,,1,1,2,4,16,44,660,900,2,5
293,,,1,1,2,5,72,68,660,900,1,5
294,,,1,1,2,3,41,30,660,900,3,5
295,,,1,1,2,1,19,23,660,900,1,5
296,,,1,1,2,3,27,79,660,900,1,5
297,,,1,1,2,1,36,61,660,900,1,5
298,,,2,2,2,2,94,15,180,420,1,5
299,,,1,1,2,4,17,35,660,900,2,5
300,,,2,2,2,5,49,40,180,420,1,5
301,,,2,2,2,1,31,15,180,420,5,5
302,,,1,1,2,4,54,79,660,900,5,5
303,,,1,1,2,3,35,33,660,900,1,5
304,,,1,1,2,1,53,20,660,900,1,5
305,,,2,2,2,1,21,82,180,420,1,5
306,,,2,2,2,1,56,55,180,420,1,5
307,,,2,2,2,1,22,56,180,420,1,5
308,,,2,2,2,1,50,45,180,420,1,5
309,,,2,2,2,5,21,24,180,420,1,5
310,,,2,2,2,5,50,63,180,420,1,5
311,,,2,2,2,3,44,28,180,420,1,5
312,,,2,2,2,1,7,31,180,420,1,5
313,,,2,2,2,4,15,36,180,420,1,5
314,,,1,1,2,4,74,41,660,900,1,5
315,,,2,2,2,5,13,86,180,420,1,5
316,,,2,2,2,4,77,52,180,420,1,5
317,,,2,2,2,4,52,95,180,420,1,5
318,,,2,2,2,4,24,50,180,420,1,5
319,,,1,1,2,4,19,45,660,900,1,5
320,,,1,1,2,4,69,56,660,900,1,5
321,,,1,1,2,3,79,51,660,900,1,5
322,,,1,1,2,3,51,67,660,900,3,5
323,,,2,2,2,3,55,84,180,420,1,5
324,,,2,2,2,3,26,72,180,420,1,5
325,,,2,2,2,3,29,77,180,420,1,5
326,,,1,1,2,4,48,61,660,900,1,5
327,,,1,1,2,4,30,34,660,900,1,5
328,,,1,1,2,5,61,65,660,900,3,5
329,,,1,1,2,5,33,22,660,900,5,5
330,,,1,1,2,5,50,58,660,900,5,5
331,,,1,1,2,5,64,30,660,900,1,5
332,,,2,2,2,1,56,36,180,420,5,5
333,,,2,2,2,5,53,27,180,420,5,5
334,,,2,2,2,5,67,36,180,420,5,5
335,,,2,2,2,1,49,65,180,420,5,5
336,,,1,1,2,5,51,53,660,900,2,5
337,,,1,1,2,1,31,47,660,900,1,5
338,,,1,1,2,1,37,79,660,900,5,5
339,,,1,1,2,1,52,65,660,900,5,5
340,,,1,1,2,4,53,33,660,900,6,5
341,,,1,1,2,5,53,49,660,900,3,5
342,,,1,1,2,3,46,70,660,900,1,5
343,,,1,1,2,2,61,43,660,900,5,5
344,,,1,1,2,3,51,52,660,900,1,5
345,,,2,2,2,4,17,58,180,420,1,5
346,,,1,1,2,3,56,88,660,900,1,5
347,,,2,2,2,3,48,58,180,420,1,5
348,,,2,2,2,3,84,78,180,420,1,5
349,,,1,1,2,5,49,10,660,900,1,5
350,,,1,1,2,5,40,49,660,900,1,5
351,,,2,2,2,1,14,64,180,420,2,5
352,,,1,1,2,4,44,51,660,900,1,5
353,,,1,1,2,4,15,56,660,900,1,5
354,,,1,1,2,5,55,47,660,900,1,5
355,,,1,1,2,3,70,68,660,900,1,5
356,,,1,1,2,4,90,66,660,900,1,5
357,,,1,1,2,3,64,53,660,900,1,5
358,,,1,1,2,3,33,78,660,900,1,5
359,,,1,1,2,1,47,19,660,900,3,5
360,,,2,2,2,1,55,37,180,420,1,5
361,,,2,2,2,2,2,82,180,420,1,5
362,,,2,2,2,2,93,22,180,420,1,5
363,,,1,1,2,3,11,76,660,900,3,5
364,,,1,1,2,3,37,90,660,900,1,5
365,,,2,2,2,4,86,69,180,420,5,5
366,,,1,1,2,1,28,68,660,900,3,5
367,,,2,2,2,1,26,29,180,420,1,5
368,,,1,1,2,4,46,64,660,900,1,5
369,,,2,2,2,3,48,96,180,420,2,5
370,,,1,1,2,4,20,27,660,900,3,5
371,,,1,1,2,4,29,71,660,900,3,5
372,,,1,1,2,1,36,54,660,900,5,5
373,,,1,1,2,4,14,35,660,900,5,5
374,,,2,2,2,4,42,50,180,420,1,5
375,,,1,1,2,1,4,31,660,900,1,5
376,,,1,1,2,5,32,21,660,900,1,5
377,,,1,1,2,5,61,25,660,900,2,5
378,,,1,1,2,4,27,61,660,900,5,5
379,,,1,1,2,2,1,80,660,900,5,5
380,,,2,2,2,4,51,98,180,420,5,5
381,,,2,2,2,3,13,78,180,420,5,5
382,,,2,2,2,4,25,24,180,420,5,5
383,,,1,1,2,2,18,89,660,900,1,5
384,,,1,1,2,5,27,36,660,900,1,5
385,,,1,1,2,5,41,51,660,900,1,5
386,,,1,1,2,3,65,71,660,900,1,5
387,,,1,1,2,4,21,46,660,900,1,5
388,,,2,2,2,2,37,68,180,420,1,5
389,,,1,1,2,4,27,35,660,900,2,5
390,,,1,1,2,2,58,20,660,900,1,5
391,,,2,2,2,5,27,48,180,420,1,5
392,,,1,1,2,1,33,17,660,900,1,5
393,,,1,1,2,5,35,43,660,900,2,5
394,,,1,1,2,2,10,34,660,900,2,5
395,,,1,1,2,2,98,47,660,900,1,5
396,,,1,1,2,4,29,35,660,900,1,5
397,,,1,1,2,3,68,82,660,900,1,5
398,,,1,1,2,3,75,85,660,900,1,5
399,,,1,1,2,4,50,92,660,900,1,5
400,,,2,2,2,1,29,13,180,420,1,5
401,,,2,2,2,3,73,48,180,420,5,5
402,,,1,1,2,4,65,54,660,900,1,5
403,,,1,1,2,3,51,95,660,900,1,5
404,,,1,1,2,3,38,85,660,900,2,5
405,,,2,2,2,5,29,44,180,420,1,5
406,,,2,2,2,3,21,93,180,420,1,5
407,,,2,2,2,3,63,87,180,420,1,5
408,,,2,2,2,1,28,76,180,420,1,5
409,,,1,1,2,4,55,40,660,900,1,5
410,,,1,1,2,5,17,62,660,900,1,5
411,,,1,1,2,3,47,32,660,900,1,5
412,,,2,2,2,3,63,47,180,420,1,5
413,,,2,2,2,2,89,50,180,420,1,5
414,,,1,1,2,3,31,83,660,900,1,5
415,,,1,1,2,1,50,16,660,900,1,5
416,,,1,1,2,4,54,86,660,900,1,5
417,,,2,2,2,4,90,84,180,420,2,5
418,,,1,1,2,3,31,38,660,900,3,5
419,,,2,2,2,4,72,67,180,420,1,5
420,,,2,2,2,4,50,93,180,420,1,5
421,,,1,1,2,4,28,35,660,900,5,5
422,,,1,1,2,5,58,29,660,900,1,5
423,,,2,2,2,2,85,48,180,420,4,5
424,,,1,1,2,5,17,77,660,900,3,5
425,,,1,1,2,3,22,91,660,900,5,5
426,,,1,1,2,3,75,72,660,900,3,5
427,,,2,2,2,2,35,56,180,420,1,5
428,,,1,1,2,3,1,81,660,900,4,5
429,,,1,1,2,1,46,35,660,900,4,5
430,,,1,1,2,3,41,73,660,900,2,5
431,,,1,1,2,1,34,66,660,900,3,5
432,,,2,2,2,3,86,72,180,420,1,5
433,,,2,2,2,1,30,81,180,420,1,5
434,,,2,2,2,5,24,67,180,420,1,5
435,,,2,2,2,2,39,51,180,420,1,5
436,,,1,1,2,3,44,44,660,900,4,5
437,,,2,2,2,4,29,79,180,420,1,5
438,,,2,2,2,1,38,76,180,420,2,5
439,,,2,2,2,3,61,45,180,420,2,5
440,,,1,1,2,3,14,88,660,900,1,5
441,,,2,2,2,4,43,42,180,420,1,5
442,,,2,2,2,1,13,44,180,420,1,5
443,,,1,1,2,1,58,9,660,900,2,5
444,,,2,2,2,5,2,73,180,420,2,5
445,,,1,1,2,3,56,41,660,900,3,5
446,,,1,1,2,3,35,68,660,900,1,5
447,,,1,1,2,3,40,73,660,900,4,5
448,,,2,2,2,3,48,95,180,420,5,5
449,,,2,2,2,2,18,23,180,420,5,5
450,,,2,2,2,3,52,95,180,420,5,5
451,,,2,2,2,3,41,57,180,420,5,5
452,,,2,2,2,3,40,56,180,420,5,5
453,,,2,2,2,5,47,44,180,420,5,5
454,,,2,2,2,2,76,33,180,420,5,5
455,,,2,2,2,3,74,73,180,420,5,5
456,,,2,2,2,3,27,42,180,420,5,5
457,,,1,1,2,3,25,87,660,900,1,5
458,,,1,1,2,3,83,71,660,900,2,5
459,,,1,1,2,2,34,83,660,900,2,5
460,,,1,1,2,3,34,27,660,900,2,5
461,,,1,1,2,2,14,89,660,900,2,5
462,,,1,1,2,4,17,50,660,900,2,5
463,,,1,1,2,3,58,92,660,900,2,5
464,,,1,1,2,2,77,60,660,900,2,5
465,,,1,1,2,3,28,78,660,900,2,5
466,,,1,1,2,3,68,45,660,900,1,5
467,,,2,2,2,1,21,38,180,420,1,5
468,,,1,1,2,1,51,17,660,900,5,5
469,,,2,2,2,1,27,30,180,420,1,5
470,,,2,2,2,4,27,73,180,420,1,5
471,,,2,2,2,4,28,35,180,420,1,5
472,,,2,2,2,5,60,63,180,420,1,5
473,,,2,2,2,4,49,80,180,420,1,5
474,,,2,2,2,5,62,67,180,420,1,5
475,,,2,2,2,4,76,66,180,420,5,5
476,,,2,2,2,5,32,22,180,420,1,5
477,,,2,2,2,1,47,25,180,420,1,5
478,,,2,2,2,5,25,38,180,420,1,5
479,,,1,1,2,4,70,60,660,900,1,5
480,,,1,1,2,3,41,54,660,900,1,5
481,,,2,2,2,4,73,53,180,420,1,5
482,,,1,1,2,3,48,93,660,900,1,5
483,,,1,1,2,3,48,88,660,900,1,5
484,,,1,1,2,4,32,74,660,900,1,5
485,,,2,2,2,3,46,83,180,420,1,5
486,,,2,2,2,1,28,75,180,420,1,5
487,,,1,1,2,3,46,90,660,900,5,5
488,,,1,1,2,5,58,45,660,900,1,5
489,,,1,1,2,4,51,56,660,900,1,5
490,,,2,2,2,3,34,69,180,420,1,5
491,,,1,1,2,4,47,77,660,900,1,5
492,,,2,2,2,3,27,56,180,420,1,5
493,,,1,1,2,2,38,68,660,900,1,5
494,,,1,1,2,4,55,88,660,900,1,5
495,,,1,1,2,1,41,17,660,900,1,5
496,,,1,1,2,4,85,64,660,900,5,5
497,,,2,2,2,2,13,64,180,420,1,5
498,,,1,1,2,3,86,78,660,900,5,5
499,,,2,2,2,1,29,22,180,420,1,5
500,,,1,1,2,3,69,80,660,900,1,5
501,,,1,1,2,3,54,97,660,900,1,5
502,,,1,1,2,3,99,63,660,900,1,5
503,,,2,2,2,3,30,81,180,420,1,5
504,,,2,2,2,4,4,78,180,420,1,5
505,,,2,2,2,4,19,29,180,420,1,5
506,,,1,1,2,2,58,16,660,900,1,5
507,,,2,2,2,2,44,34,180,420,2,5
508,,,1,1,2,1,53,53,660,900,5,5
509,,,1,1,2,2,15,29,660,900,1,5
510,,,1,1,2,1,14,34,660,900,5,5
511,,,1,1,2,1,20,70,660,900,1,5
512,,,2,2,2,5,53,36,180,420,1,5
513,,,1,1,2,5,33,22,660,900,1,5
514,,,1,1,2,1,55,43,660,900,2,5
515,,,1,1,2,3,37,28,660,900,1,5
516,,,2,2,2,5,52,50,180,420,2,5
517,,,2,2,2,1,14,85,180,420,1,5
518,,,2,2,2,5,34,22,180,420,2,5
519,,,2,2,2,1,31,49,180,420,1,5
520,,,1,1,2,4,25,14,660,900,5,5
521,,,2,2,2,1,41,50,180,420,1,5
522,,,1,1,2,4,20,27,660,900,2,5
523,,,2,2,2,4,9,61,180,420,1,5
524,,,2,2,2,4,58,33,180,420,1,5
525,,,2,2,2,5,10,69,180,420,2,5
526,,,1,1,2,1,51,55,660,900,2,5
527,,,1,1,2,1,5,24,660,900,1,5
528,,,2,2,2,2,25,64,180,420,3,5
529,,,1,1,2,4,48,68,660,900,2,5
530,,,2,2,2,2,56,67,180,420,1,5
531,,,1,1,2,2,74,46,660,900,1,5
532,,,2,2,2,2,57,54,180,420,1,5
533,,,1,1,2,2,15,78,660,900,1,5
534,,,2,2,2,1,52,63,180,420,1,5
535,,,1,1,2,4,26,37,660,900,2,5
536,,,1,1,2,4,27,56,660,900,1,5
537,,,2,2,2,3,42,90,180,420,1,5
538,,,1,1,2,3,54,63,660,900,2,5
539,,,2,2,2,5,67,59,180,420,3,5
540,,,1,1,2,3,70,80,660,900,1,5
541,,,1,1,2,1,59,11,660,900,1,5
542,,,1,1,2,5,5,64,660,900,1,5
543,,,1,1,2,1,29,81,660,900,1,5
544,,,1,1,2,4,39,94,660,900,1,5
545,,,2,2,2,1,15,86,180,420,1,5
546,,,2,2,2,2,6,84,180,420,1,5
547,,,1,1,2,3,49,96,660,900,1,5
548,,,1,1,2,3,66,45,660,900,1,5
549,,,1,1,2,3,58,49,660,900,1,5
550,,,1,1,2,4,11,65,660,900,1,5
551,,,2,2,2,3,63,55,180,420,1,5
552,,,2,2,2,4,34,69,180,420,1,5
553,,,2,2,2,5,43,51,180,420,1,5
554,,,2,2,2,1,18,16,180,420,1,5
555,,,2,2,2,4,55,41,180,420,1,5
556,,,1,1,2,3,24,91,660,900,2,5
557,,,1,1,2,2,64,75,660,900,5,5
558,,,1,1,2,5,10,66,660,900,2,5
559,,,1,1,2,1,60,9,660,900,1,5
560,,,1,1,2,3,23,87,660,900,1,5
561,,,1,1,2,4,57,63,660,900,1,5
562,,,1,1,2,3,61,81,660,900,3,5
563,,,1,1,2,2,54,75,660,900,4,5
564,,,1,1,2,2,37,14,660,900,1,5
565,,,1,1,2,3,67,80,660,900,1,5
566,,,1,1,2,1,9,66,660,900,2,5
567,,,2,2,2,3,29,87,180,420,1,5
568,,,2,2,2,3,66,62,180,420,1,5
569,,,2,2,2,1,54,57,180,420,5,5
570,,,1,1,2,3,72,67,660,900,4,5
571,,,2,2,2,4,96,91,180,420,4,5
572,,,2,2,2,2,68,50,180,420,1,5
573,,,2,2,2,1,39,14,180,420,3,5
574,,,2,2,2,4,27,82,180,420,1,5
575,,,1,1,2,3,33,72,660,900,2,5
576,,,2,2,2,3,20,96,180,420,1,5
577,,,1,1,2,5,64,70,660,900,1,5
578,,,2,2,2,1,33,77,180,420,1,5
579,,,1,1,2,5,44,35,660,900,3,5
580,,,2,2,2,1,3,80,180,420,2,5
581,,,1,1,2,1,11,19,660,900,1,5
582,,,2,2,2,2,54,33,180,420,1,5
583,,,2,2,2,5,41,26,180,420,1,5
584,,,1,1,2,3,40,73,660,900,1,5
585,,,1,1,2,3,61,54,660,900,3,5
586,,,1,1,2,3,43,30,660,900,1,5
587,,,1,1,2,3,44,71,660,900,2,5
588,,,1,1,2,1,21,77,660,900,3,5
589,,,2,2,2,3,48,99,180,420,1,5
590,,,2,2,2,3,28,62,180,420,2,5
591,,,2,2,2,2,5,85,180,420,3,5
592,,,2,2,2,4,79,52,180,420,1,5
593,,,2,2,2,4,64,61,180,420,1,5
594,,,2,2,2,1,32,46,180,420,1,5
595,,,2,2,2,3,37,69,180,420,1,5
596,,,1,1,2,1,7,28,660,900,1,5
597,,,1,1,2,2,89,51,660,900,1,5
598,,,1,1,2,3,57,39,660,900,1,5
599,,,1,1,2,1,49,16,660,900,1,5
600,,,1,1,2,1,14,80,660,900,1,5
601,,,1,1,2,1,39,60,660,900,1,5
602,,,2,2,2,1,27,39,180,420,1,5
603,,,2,2,2,3,47,99,180,420,1,5
604,,,1,1,2,4,30,35,660,900,1,5
605,,,1,1,2,4,55,98,660,900,1,5
606,,,1,1,2,1,5,11,660,900,1,5
607,,,1,1,2,1,-1,76,660,900,1,5
608,,,1,1,2,5,60,49,660,900,1,5
609,,,1,1,2,3,36,28,660,900,1,5
610,,,2,2,2,3,77,94,180,420,1,5
611,,,1,1,2,4,54,78,660,900,3,5
612,,,1,1,2,3,60,57,660,900,4,5
613,,,1,1,2,4,14,34,660,900,1,5
614,,,2,2,2,2,46,61,180,420,1,5
615,,,1,1,2,3,77,94,660,900,1,5
616,,,2,2,2,5,23,75,180,420,1,5
617,,,1,1,2,3,63,47,660,900,1,5
618,,,2,2,2,4,25,28,180,420,1,5
619,,,1,1,2,1,44,19,660,900,1,5
620,,,1,1,2,4,45,42,660,900,1,5
621,,,1,1,2,5,19,66,660,900,1,5
622,,,1,1,2,3,34,77,660,900,1,5
623,,,2,2,2,2,21,34,180,420,1,5
624,,,2,2,2,3,45,52,180,420,3,5
625,,,1,1,2,3,83,46,660,900,1,5
626,,,2,2,2,4,32,51,180,420,2,5
627,,,1,1,2,2,88,39,660,900,1,5
628,,,1,1,2,1,28,76,660,900,2,5
629,,,2,2,2,3,24,72,180,420,1,5
630,,,2,2,2,1,19,73,180,420,1,5
631,,,2,2,2,5,33,22,180,420,1,5
632,,,2,2,2,4,37,11,180,420,1,5
633,,,2,2,2,2,77,80,180,420,1,5
634,,,1,1,2,5,58,15,660,900,5,5
635,,,2,2,2,1,60,27,180,420,1,5
636,,,2,2,2,2,46,33,180,420,5,5
637,,,2,2,2,3,34,69,180,420,5,5
638,,,1,1,2,4,33,65,660,900,1,5
639,,,2,2,2,3,86,82,180,420,1,5
640,,,1,1,2,3,46,83,660,900,1,5
641,,,2,2,2,4,13,29,180,420,1,5
642,,,1,1,2,4,32,39,660,900,1,5
643,,,1,1,2,3,30,44,660,900,1,5
644,,,1,1,2,2,71,90,660,900,1,5
645,,,1,1,2,1,46,59,660,900,3,5
646,,,2,2,2,5,40,58,180,420,1,5
647,,,2,2,2,2,72,54,180,420,1,5
648,,,2,2,2,4,50,59,180,420,1,5
649,,,2,2,2,4,58,60,180,420,1,5
650,,,1,1,2,1,45,23,660,900,1,5
651,,,1,1,2,4,45,56,660,900,1,5
652,,,2,2,2,4,48,69,180,420,1,5
653,,,1,1,2,5,52,40,660,900,1,5
654,,,1,1,2,4,28,27,660,900,5,5
655,,,1,1,2,2,56,47,660,900,5,5
656,,,2,2,2,1,34,13,180,420,1,5
657,,,2,2,2,3,58,39,180,420,1,5
658,,,2,2,2,1,12,18,180,420,1,5
659,,,1,1,2,3,71,82,660,900,1,5
660,,,1,1,2,4,37,93,660,900,1,5
661,,,1,1,2,4,44,38,660,900,1,5
662,,,1,1,2,3,72,72,660,900,1,5
663,,,1,1,2,2,40,29,660,900,1,5
664,,,1,1,2,2,35,14,660,900,5,5
665,,,1,1,2,2,41,80,660,900,1,5
666,,,1,1,2,2,74,10,660,900,1,5
667,,,1,1,2,1,42,34,660,900,1,5
668,,,2,2,2,2,30,95,180,420,2,5
669,,,1,1,2,3,43,36,660,900,1,5
670,,,1,1,2,2,59,31,660,900,1,5
671,,,1,1,2,4,37,93,660,900,5,5
672,,,1,1,2,2,89,56,660,900,5,5
673,,,1,1,2,2,10,25,660,900,1,5
674,,,1,1,2,2,62,50,660,900,2,5
675,,,2,2,2,5,83,28,180,420,5,5
676,,,2,2,2,5,59,48,180,420,2,5
677,,,2,2,2,4,37,93,180,420,6,5
678,,,2,2,2,1,4,33,180,420,3,5
679,,,2,2,2,3,43,48,180,420,1,5
680,,,2,2,2,2,15,98,180,420,6,5
681,,,2,2,2,1,52,9,180,420,5,5
682,,,1,1,2,4,30,63,660,900,1,5
683,,,2,2,2,5,21,23,180,420,4,5
684,,,2,2,2,1,40,28,180,420,3,5
685,,,2,2,2,3,84,87,180,420,3,5
686,,,1,1,2,3,77,84,660,900,1,5
687,,,2,2,2,1,27,34,180,420,3,5
688,,,2,2,2,1,19,57,180,420,4,5
689,,,2,2,2,1,32,44,180,420,5,5
690,,,2,2,2,3,46,50,180,420,6,5
691,,,1,1,2,4,67,55,660,900,5,5
692,,,1,1,2,4,57,62,660,900,4,5
693,,,2,2,2,1,22,66,180,420,2,5
694,,,2,2,2,5,17,76,180,420,4,5
695,,,2,2,2,5,80,43,180,420,4,5
696,,,1,1,2,5,22,66,660,900,1,5
697,,0,1,1,2,3,29,55,180,420,1,5
698,,0,1,1,2,5,52,62,180,420,1,5
699,,0,1,1,2,3,26,92,180,420,2,5
700,,0,1,1,2,4,18,42,180,420,1,5
701,,0,1,1,2,4,83,72,180,420,1,5
702,,0,1,1,2,3,62,54,180,420,1,5
703,,0,1,1,2,1,44,78,180,420,1,5
704,,0,1,1,2,3,62,88,180,420,1,5
705,,0,1,1,2,4,38,52,180,420,2,5
706,,0,1,1,2,5,50,13,180,420,2,5
707,,0,1,1,2,1,17,45,180,420,1,5
708,,0,1,1,2,4,80,62,180,420,1,5
709,,0,1,1,2,3,50,83,180,420,2,5
710,,0,1,1,2,3,51,52,180,420,1,5
711,,0,1,1,2,3,69,66,180,420,1,5
712,,0,1,1,2,3,30,45,180,420,2,5
713,,0,1,1,2,4,16,80,180,420,3,5
714,,0,1,1,2,3,85,66,180,420,1,5
715,,0,1,1,2,4,56,88,180,420,2,5
716,,0,1,1,2,4,38,14,180,420,1,5
717,,0,1,1,2,3,71,65,180,420,1,5
718,,0,1,1,2,5,33,22,180,420,2,5
719,,0,1,1,2,3,72,90,180,420,1,5
720,,0,1,1,2,4,15,67,180,420,3,5
721,,0,1,1,2,5,40,51,180,420,1,5
722,,0,1,1,2,5,76,69,180,420,1,5
723,,0,1,1,2,3,21,90,180,420,2,5
724,,0,1,1,2,3,43,48,180,420,1,5
725,,0,1,1,2,3,84,51,180,420,2,5
726,,0,1,1,2,4,49,41,180,420,2,5
727,,0,1,1,2,3,83,83,180,420,1,5
728,,0,1,1,2,2,46,26,180,420,1,5
729,,0,1,1,2,4,54,46,180,420,1,5
730,,0,1,1,2,3,29,34,180,420,1,5
731,,0,1,1,2,1,13,64,180,420,1,5
732,,0,1,1,2,4,52,37,180,420,2,5
733,,0,1,1,2,1,31,10,180,420,1,5
734,,0,1,1,2,1,10,90,180,420,1,5
735,,0,1,1,2,1,52,21,180,420,1,5
736,,0,1,1,2,1,5,58,180,420,1,5
737,,0,1,1,2,2,78,62,180,420,1,5
738,,0,1,1,2,2,47,65,180,420,1,5
739,,0,1,1,2,3,41,89,180,420,1,5
740,,0,1,1,2,2,81,15,180,420,1,5
741,,0,1,1,2,5,82,30,180,420,1,5
742,,0,1,1,2,1,32,52,180,420,1,5
743,,0,1,1,2,3,66,77,180,420,1,5
744,,0,1,1,2,4,23,55,180,420,1,5
745,,0,1,1,2,2,57,20,180,420,1,5
746,,0,1,1,2,2,52,69,180,420,1,5
747,,0,1,1,2,1,58,19,180,420,1,5
748,,0,1,1,2,2,30,96,180,420,1,5
749,,0,1,1,2,3,36,45,180,420,1,5
750,,0,1,1,2,1,2,80,180,420,1,5
751,,0,1,1,2,4,66,40,180,420,1,5
752,,0,1,1,2,3,33,77,180,420,1,5
753,,0,1,1,2,4,42,51,180,420,1,5
754,,0,1,1,2,1,23,84,180,420,5,5
755,,0,1,1,2,3,60,57,180,420,5,5
756,,0,1,1,2,4,20,50,180,420,5,5
757,,0,1,1,2,3,35,60,180,420,5,5
758,,0,1,1,2,5,26,77,180,420,5,5
759,,0,1,1,2,3,72,59,180,420,5,5
760,,0,1,1,2,4,64,35,180,420,2,5
761,,0,1,1,2,4,21,80,180,420,1,5
762,,0,1,1,2,1,34,74,180,420,2,5
763,,0,1,1,2,4,51,56,180,420,2,5
764,,0,1,1,2,4,47,48,180,420,1,5
765,,0,1,1,2,4,44,51,180,420,1,5
766,,0,1,1,2,4,49,69,180,420,1,5
767,,0,1,1,2,4,45,69,180,420,1,5
768,,0,1,1,2,5,80,44,180,420,1,5
769,,0,1,1,2,3,53,60,180,420,6,5
770,,0,1,1,2,4,16,74,180,420,6,5
771,,0,1,1,2,1,28,52,180,420,5,5
772,,0,1,1,2,4,29,80,180,420,4,5
773,,0,1,1,2,1,27,53,180,420,2,5
774,,0,1,1,2,4,34,75,180,420,1,5
775,,0,1,1,2,3,64,75,180,420,3,5
776,,0,1,1,2,4,46,90,180,420,1,5
777,,0,1,1,2,4,11,45,180,420,2,5
778,,0,1,1,2,2,21,71,180,420,1,5
779,,0,1,1,2,3,71,86,180,420,1,5
780,,0,1,1,2,3,51,60,180,420,1,5
781,,0,1,1,2,5,52,61,180,420,1,5
782,,0,1,1,2,3,46,94,180,420,5,5
783,,0,1,1,2,5,55,39,180,420,2,5
784,,0,1,1,2,2,35,93,180,420,2,5
785,,0,1,1,2,4,48,81,180,420,1,5
786,,0,1,1,2,5,21,35,180,420,1,5
787,,0,1,1,2,5,26,46,180,420,2,5
788,,0,1,1,2,2,87,90,180,420,3,5
789,,0,1,1,2,5,23,76,180,420,1,5
790,,0,1,1,2,1,16,37,180,420,1,5
791,,0,1,1,2,5,50,39,180,420,1,5
792,,0,1,1,2,2,46,26,180,420,1,5
793,,0,1,1,2,4,29,75,180,420,1,5
794,,0,1,1,2,4,21,69,180,420,1,5
795,,0,1,1,2,4,32,54,180,420,1,5
796,,0,1,1,2,2,59,20,180,420,1,5
797,,0,1,1,2,1,49,35,180,420,2,5
798,,0,1,1,2,3,87,51,180,420,1,5
799,,0,1,1,2,5,52,29,180,420,1,5
800,,0,1,1,2,5,93,30,180,420,1,5
801,,0,1,1,2,3,31,55,180,420,1,5
802,,0,1,1,2,5,43,20,180,420,1,5
803,,0,1,1,2,2,52,58,180,420,1,5
804,,0,1,1,2,4,43,37,180,420,1,5
805,,0,1,1,2,2,42,47,180,420,2,5
806,,0,1,1,2,2,95,39,180,420,2,5
807,,0,1,1,2,3,16,66,180,420,3,5
808,,0,1,1,2,2,75,41,180,420,1,5
809,,0,1,1,2,3,69,80,180,420,1,5
810,,0,1,1,2,2,9,29,180,420,1,5
811,,0,1,1,2,1,29,10,180,420,1,5
812,,0,1,1,2,4,14,56,180,420,1,5
813,,0,1,1,2,4,34,68,180,420,1,5
814,,0,1,1,2,3,81,70,180,420,1,5
815,,0,1,1,2,3,64,67,180,420,2,5
816,,0,1,1,2,3,57,76,180,420,2,5
817,,0,1,1,2,2,74,75,180,420,1,5
818,,0,1,1,2,2,72,83,180,420,1,5
819,,0,1,1,2,2,89,37,180,420,1,5
820,,0,1,1,2,2,40,76,180,420,1,5
821,,0,1,1,2,4,48,41,180,420,1,5
822,,0,1,1,2,4,38,87,180,420,1,5
823,,0,1,1,2,3,58,39,180,420,1,5
824,,0,1,1,2,3,68,58,180,420,1,5
825,,0,1,1,2,3,46,53,180,420,1,5
826,,0,1,1,2,3,46,51,180,420,1,5
827,,0,1,1,2,3,36,70,180,420,1,5
828,,0,1,1,2,5,41,50,180,420,1,5
829,,0,1,1,2,1,21,65,180,420,1,5
830,,0,1,1,2,3,32,96,180,420,1,5
831,,0,1,1,2,3,10,54,180,420,1,5
832,,0,1,1,2,1,51,46,180,420,1,5
833,,0,1,1,2,1,56,22,180,420,1,5
834,,0,1,1,2,3,23,90,180,420,1,5
835,,0,1,1,2,5,57,42,180,420,1,5
836,,0,1,1,2,1,37,50,180,420,1,5
837,,0,1,1,2,5,13,54,180,420,1,5
838,,0,1,1,2,1,31,18,180,420,1,5
839,,0,1,1,2,2,86,17,180,420,1,5
840,,0,1,1,2,1,17,77,180,420,1,5
841,,0,1,1,2,5,42,51,180,420,1,5
842,,0,1,1,2,4,61,50,180,420,1,5
843,,0,1,1,2,4,44,46,180,420,1,5
844,,0,1,1,2,1,31,10,180,420,1,5
845,,0,1,1,2,2,82,72,180,420,1,5
846,,0,1,1,2,5,45,50,180,420,1,5
847,,0,1,1,2,5,20,72,540,660,5,5
848,,0,1,1,2,5,82,43,540,660,10,5
849,,0,1,1,2,2,101,47,180,420,2,5
850,,0,1,1,2,5,38,30,180,420,1,5
851,,0,1,1,2,1,22,19,180,420,1,5
852,,0,1,1,2,2,11,25,180,420,2,5
853,,0,1,1,2,3,20,66,180,420,1,5
854,,0,1,1,2,5,10,55,180,420,1,5
855,,0,1,1,2,5,95,39,180,420,1,5
856,,0,1,1,2,4,30,84,180,420,1,5
857,,0,1,1,2,2,83,43,180,420,1,5
858,,0,1,1,2,5,26,97,180,420,1,5
859,,0,1,1,2,4,44,54,180,420,1,5
860,,0,1,1,2,2,78,46,180,420,5,5
861,,0,1,1,2,4,49,68,180,420,1,5
862,,0,1,1,2,3,46,80,180,420,1,5
863,,0,1,1,2,4,48,68,180,420,2,5
864,,0,1,1,2,2,15,29,180,420,1,5
865,,0,1,1,2,3,57,93,180,420,1,5
866,,0,1,1,2,3,12,55,180,420,1,5
867,,0,1,1,2,3,53,80,180,420,4,5
868,,0,1,1,2,2,26,40,180,420,1,5
869,,0,1,1,2,3,55,55,180,420,3,5
870,,0,1,1,2,3,56,67,180,420,1,5
871,,0,1,1,2,5,53,20,180,420,1,5
872,,0,1,1,2,5,56,11,180,420,1,5
873,,0,1,1,2,2,60,41,180,420,3,5
874,,0,1,1,2,2,59,68,180,420,1,5
875,,0,1,1,2,4,15,36,180,420,1,5
876,,0,1,1,2,5,42,52,180,420,1,5
877,,0,1,1,2,4,28,88,180,420,1,5
878,,0,1,1,2,3,56,91,180,420,1,5
879,,0,1,1,2,4,51,94,180,420,1,5
880,,0,1,1,2,4,33,46,180,420,1,5
881,,0,1,1,2,4,42,43,180,420,1,5
882,,0,1,1,2,4,28,63,180,420,1,5
883,,0,1,1,2,4,57,93,180,420,1,5
884,,0,1,1,2,5,50,37,180,420,1,5
885,,0,1,1,2,4,28,36,180,420,1,5
886,,0,1,1,2,2,33,65,180,420,5,5
887,,0,1,1,2,3,89,86,180,420,3,5
888,,0,1,1,2,1,43,68,180,420,3,5
889,,0,1,1,2,5,45,46,180,420,1,5
890,,0,1,1,2,3,40,73,180,420,2,5
891,,0,1,1,2,4,5,80,180,420,1,5
892,,0,1,1,2,3,36,90,180,420,2,5
893,,0,1,1,2,2,65,39,540,660,5,5
894,,0,1,1,2,4,11,78,180,420,5,5
895,,0,1,1,2,1,17,35,180,420,5,5
896,,0,1,1,2,4,69,70,180,420,5,5
897,,0,1,1,2,2,90,29,180,420,1,5
898,,0,1,1,2,4,47,85,180,420,1,5
899,,0,1,1,2,3,29,90,180,420,1,5
900,,0,1,1,2,3,26,72,180,420,1,5
901,,0,1,1,2,4,70,55,180,420,1,5
902,,0,1,1,2,2,14,85,180,420,1,5
903,,0,1,1,2,3,54,53,180,420,1,5
904,,0,1,1,2,2,79,12,180,420,3,5
905,,0,1,1,2,3,49,65,180,420,1,5
906,,0,1,1,2,1,66,34,180,420,1,5
907,,0,1,1,2,4,26,82,180,420,1,5
908,,0,1,1,2,2,35,14,180,420,2,5
909,,0,1,1,2,2,53,18,180,420,1,5
910,,0,1,1,2,4,58,88,180,420,5,5
911,,0,1,1,2,4,21,48,180,420,3,5
912,,0,1,1,2,4,17,68,180,420,1,5
913,,0,1,1,2,5,24,76,180,420,2,5
914,,0,1,1,2,4,61,46,180,420,1,5
915,,0,1,1,2,5,51,10,180,420,1,5
916,,0,1,1,2,1,34,84,180,420,1,5
917,,0,1,1,2,1,65,37,180,420,1,5
918,,0,1,1,2,3,17,81,180,420,1,5
919,,0,1,1,2,2,63,19,180,420,1,5
920,,0,1,1,2,3,37,33,180,420,1,5
921,,0,1,1,2,2,86,24,180,420,2,5
922,,0,1,1,2,1,59,34,180,420,1,5
923,,0,1,1,2,4,20,49,180,420,1,5
924,,0,1,1,2,4,56,85,180,420,1,5
925,,0,1,1,2,1,41,57,180,420,1,5
926,,0,1,1,2,1,56,38,180,420,1,5
927,,0,1,1,2,5,43,30,180,420,1,5
928,,0,1,1,2,1,33,36,180,420,1,5
929,,0,1,1,2,3,41,47,180,420,1,5
930,,0,1,1,2,1,19,83,180,420,1,5
931,,0,1,1,2,1,4,13,180,420,1,5
932,,0,1,1,2,4,46,91,180,420,1,5
933,,0,1,1,2,3,85,80,180,420,1,5
934,,0,1,1,2,3,27,47,180,420,1,5
935,,0,1,1,2,4,20,74,180,420,1,5
936,,0,1,1,2,1,19,83,180,420,1,5
937,,0,1,1,2,5,69,73,180,420,1,5
938,,0,1,1,2,4,59,85,180,420,1,5
939,,0,1,1,2,2,84,17,180,420,1,5
940,,0,1,1,2,5,48,45,180,420,1,5
941,,0,1,1,2,1,49,19,180,420,1,5
942,,0,1,1,2,5,55,51,180,420,1,5
943,,0,1,1,2,3,60,74,180,420,1,5
944,,0,1,1,2,1,6,30,180,420,1,5
945,,0,1,1,2,4,15,73,180,420,1,5
946,,0,1,1,2,5,84,82,180,420,1,5
947,,0,1,1,2,1,35,68,180,420,1,5
948,,0,1,1,2,1,58,39,180,420,1,5
949,,0,1,1,2,4,16,35,180,420,5,5
950,,0,1,1,2,2,87,11,180,420,1,5
951,,0,1,1,2,3,41,72,180,420,1,5
952,,0,1,1,2,3,25,72,180,420,5,5
953,,0,1,1,2,3,57,42,180,420,1,5
954,,0,1,1,2,4,19,58,180,420,1,5
955,,0,1,1,2,3,68,64,180,420,3,5
956,,0,1,1,2,5,58,15,180,420,3,5
957,,0,1,1,2,3,87,78,180,420,3,5
958,,0,1,1,2,1,59,29,180,420,2,5
959,,0,1,1,2,1,52,31,180,420,1,5
960,,0,1,1,2,2,77,72,180,420,1,5
961,,0,1,1,2,5,34,43,180,420,1,5
962,,0,1,1,2,3,78,94,180,420,1,5
963,,0,1,1,2,2,62,46,180,420,3,5
964,,0,1,1,2,3,46,83,180,420,1,5
965,,0,1,1,2,4,15,38,180,420,1,5
966,,0,1,1,2,1,43,55,180,420,1,5
967,,0,1,1,2,2,58,40,180,420,1,5
968,,0,1,1,2,4,80,79,180,420,1,5
969,,0,1,1,2,3,61,42,180,420,1,5
970,,0,1,1,2,3,23,45,180,420,1,5
971,,0,1,1,2,1,7,96,180,420,1,5
972,,0,1,1,2,2,35,12,180,420,1,5
973,,0,1,1,2,1,3,85,180,420,1,5
974,,0,1,1,2,2,82,23,180,420,1,5
975,,0,1,1,2,1,7,27,180,420,1,5
976,,0,1,1,2,4,33,51,180,420,1,5
977,,0,1,1,2,1,17,61,180,420,1,5
978,,0,1,1,2,3,21,85,180,420,1,5
979,,0,1,1,2,1,42,70,180,420,1,5
980,,0,1,1,2,4,96,77,180,420,1,5
981,,0,1,1,2,3,83,73,180,420,1,5
982,,0,1,1,2,4,29,6,180,420,4,5
983,,0,1,1,2,3,63,58,180,420,5,5
984,,0,1,1,2,3,44,96,180,420,5,5
985,,0,1,1,2,1,73,29,180,420,1,5
986,,0,1,1,2,5,40,47,180,420,1,5
987,,0,1,1,2,3,27,79,180,420,1,5
988,,0,1,1,2,4,55,97,180,420,1,5
989,,0,1,1,2,5,45,14,180,420,1,5
990,,0,1,1,2,1,21,52,180,420,1,5
991,,0,1,1,2,1,17,16,180,420,2,5
992,,0,1,1,2,5,74,51,180,420,2,5
993,,0,1,1,2,2,72,31,180,420,1,5
994,,0,1,1,2,1,26,84,180,420,1,5
995,,0,1,1,2,3,61,75,180,420,2,5
996,,0,1,1,2,2,67,10,180,420,2,5
997,,0,1,1,2,3,38,65,180,420,2,5
998,,0,1,1,2,2,43,59,180,420,2,5
999,,0,1,1,2,2,71,37,180,420,3,5
1000,,0,1,1,2,3,68,-1,180,420,2,5
1001,,0,1,1,2,3,49,93,180,420,1,5
1002,,0,1,1,2,3,28,77,180,420,1,5
1003,,0,1,1,2,3,29,61,180,420,1,5
1004,,0,1,1,2,5,55,31,540,660,7,5
1005,,0,1,1,2,1,16,75,180,420,1,5
1006,,0,1,1,2,1,8,61,180,420,1,5
1007,,0,1,1,2,2,63,75,180,420,1,5
1008,,0,1,1,2,2,81,40,180,420,1,5
1009,,0,1,1,2,3,70,57,180,420,1,5
1010,,0,1,1,2,2,30,95,180,420,1,5
1011,,0,1,1,2,3,58,93,180,420,1,5
1012,,0,1,1,2,4,14,70,180,420,1,5
1013,,0,1,1,2,4,4,77,180,420,1,5
1014,,0,1,1,2,1,23,76,180,420,1,5
1015,,0,1,1,2,3,22,96,540,660,6,5
1016,,0,1,1,2,4,49,68,180,420,1,5
1017,,0,1,1,2,3,40,43,180,420,5,5
1018,,0,1,1,2,3,54,60,180,420,1,5
1019,,0,1,1,2,1,10,55,180,420,2,5
1020,,0,1,1,2,1,43,63,180,420,1,5
1021,,0,1,1,2,5,44,18,180,420,1,5
1022,,0,1,1,2,3,46,80,180,420,1,5
1023,,0,1,1,2,3,23,32,180,420,1,5
1024,,0,1,1,2,3,50,90,180,420,5,5
1025,,0,1,1,2,4,14,37,180,420,1,5
1026,,0,1,1,2,4,48,69,180,420,3,5
1027,,0,1,1,2,5,53,32,180,420,2,5
1028,,0,1,1,2,1,53,10,180,420,1,5
1029,,0,1,1,2,3,76,73,180,420,1,5
1030,,0,1,1,2,5,67,59,180,420,1,5
1031,,0,1,1,2,2,49,62,180,420,1,5
1032,,0,1,1,2,3,68,52,180,420,1,5
1033,,0,1,1,2,3,32,69,180,420,1,5
1034,,0,1,1,2,3,46,90,180,420,2,5
1035,,0,1,1,2,5,81,59,180,420,1,5
1036,,0,1,1,2,5,16,81,180,420,1,5
1037,,0,1,1,2,2,27,92,180,420,1,5
1038,,0,1,1,2,2,61,47,180,420,1,5
1039,,0,1,1,2,2,30,79,180,420,1,5
1040,,0,1,1,2,2,56,22,180,420,1,5
1041,,0,1,1,2,5,56,20,180,420,1,5
1042,,0,1,1,2,2,7,63,180,420,1,5
1043,,0,1,1,2,4,30,41,180,420,1,5
1044,,0,1,1,2,3,56,40,180,420,1,5
1045,,0,1,1,2,3,37,93,180,420,2,5
1046,,0,1,1,2,1,39,50,180,420,4,5
1047,,0,1,1,2,5,33,28,180,420,5,5
1048,,0,1,1,2,4,28,35,180,420,1,5
1049,,0,1,1,2,1,31,28,180,420,1,5
1050,,0,1,1,2,4,2,77,180,420,3,5
1051,,0,1,1,2,3,67,70,180,420,4,5
1052,,0,1,1,2,4,47,81,180,420,1,5
1053,,0,1,1,2,3,39,48,180,420,5,5
1054,,0,1,1,2,5,33,22,180,420,1,5
1055,,0,1,1,2,5,24,37,180,420,1,5
1056,,0,1,1,2,5,80,44,180,420,1,5
1057,,0,1,1,2,1,40,71,180,420,2,5
1058,,0,1,1,2,3,26,62,180,420,1,5
1059,,0,1,1,2,2,52,75,180,420,1,5
1060,,0,1,1,2,4,72,67,180,420,3,5
1061,,0,1,1,2,1,42,62,180,420,1,5
1062,,0,1,1,2,1,38,79,180,420,2,5
1063,,0,1,1,2,1,47,62,180,420,1,5
1064,,0,1,1,2,3,37,69,180,420,1,5
1065,,0,1,1,2,3,18,64,180,420,1,5
1066,,0,1,1,2,2,43,26,180,420,5,5
1067,,0,1,1,2,2,83,71,180,420,5,5
1068,,0,1,1,2,4,58,43,180,420,1,5
1069,,0,1,1,2,5,25,59,180,420,1,5
1070,,0,1,1,2,3,57,67,180,420,3,5
1071,,0,1,1,2,1,43,68,180,420,1,5
1072,,0,1,1,2,4,13,77,180,420,1,5
1073,,0,1,1,2,1,9,41,180,420,1,5
1074,,0,1,1,2,3,74,73,180,420,5,5
1075,,0,1,1,2,2,51,29,180,420,3,5
1076,,0,1,1,2,4,35,67,180,420,1,5
1077,,0,1,1,2,5,79,70,180,420,1,5
1078,,0,1,1,2,5,57,28,180,420,1,5
1079,,0,1,1,2,2,3,70,180,420,1,5
1080,,0,1,1,2,2,71,23,180,420,1,5
1081,,0,1,1,2,3,18,90,180,420,1,5
1082,,0,1,1,2,1,48,47,180,420,1,5
1083,,0,1,1,2,3,46,51,180,420,1,5
1084,,0,1,1,2,3,79,53,180,420,1,5
1085,,0,1,1,2,3,26,80,180,420,1,5
1086,,0,1,1,2,3,58,42,180,420,1,5
1087,,0,1,1,2,1,52,65,180,420,5,5
1088,,0,1,1,2,1,62,21,180,420,1,5
1089,,0,1,1,2,1,8,44,180,420,1,5
1090,,0,1,1,2,2,26,44,180,420,2,5
1091,,0,1,1,2,3,54,87,180,420,1,5
1092,,0,1,1,2,5,63,28,180,420,5,5
1093,,0,1,1,2,1,38,19,180,420,5,5
1094,,0,1,1,2,4,39,95,180,420,5,5
1095,,0,1,1,2,2,41,6,180,420,5,5
1096,,0,1,1,2,3,50,45,180,420,1,5
1097,,0,1,1,2,3,63,74,540,660,8,5
1098,,0,1,1,2,3,11,58,180,420,1,5
1099,,0,1,1,2,1,34,52,180,420,1,5
1100,,0,1,1,2,2,67,11,180,420,1,5
1101,,0,1,1,2,1,16,26,180,420,1,5
1102,,0,1,1,2,1,24,88,180,420,1,5
1103,,0,1,1,2,5,11,53,180,420,2,5
1104,,0,1,1,2,3,29,78,180,420,1,5
1105,,0,1,1,2,1,28,10,180,420,1,5
1106,,0,1,1,2,3,66,84,180,420,5,5
1107,,0,1,1,2,3,39,57,180,420,3,5
1108,,0,1,1,2,5,81,70,180,420,2,5
1109,,0,1,1,2,4,50,94,180,420,1,5
1110,,0,1,1,2,1,17,18,180,420,1,5
1111,,0,1,1,2,4,55,55,180,420,5,5
1112,,0,1,1,2,1,26,29,180,420,1,5
1113,,0,1,1,2,1,34,43,180,420,1,5
1114,,0,1,1,2,1,3,85,180,420,2,5
1115,,0,1,1,2,5,34,21,180,420,5,5
1116,,0,1,1,2,3,55,69,180,420,1,5
1117,,0,1,1,2,2,66,40,180,420,1,5
1118,,0,1,1,2,5,58,53,180,420,1,5
1119,,0,1,1,2,1,47,53,180,420,1,5
1120,,0,1,1,2,4,47,76,180,420,1,5
1121,,0,1,1,2,3,34,67,180,420,4,5
1122,,0,1,1,2,3,27,57,180,420,2,5
1123,,0,1,1,2,3,31,73,180,420,4,5
1124,,0,1,1,2,1,40,27,180,420,1,5
1125,,0,1,1,2,1,50,16,180,420,1,5
1126,,0,1,1,2,1,22,33,180,420,2,5
1127,,0,1,1,2,4,73,67,180,420,1,5
1128,,0,1,1,2,3,19,62,540,660,5,5
1129,,0,1,1,2,3,72,54,180,420,5,5
1130,,0,1,1,2,1,16,42,180,420,1,5
1131,,0,1,1,2,3,46,52,180,420,1,5
1132,,0,1,1,2,5,81,57,180,420,1,5
1133,,0,1,1,2,4,24,74,180,420,1,5
1134,,0,1,1,2,1,51,64,180,420,1,5
1135,,0,1,1,2,4,70,66,180,420,1,5
1136,,0,1,1,2,3,34,66,180,420,1,5
1137,,0,1,1,2,1,30,76,180,420,1,5
1138,,0,1,1,2,4,48,68,180,420,1,5
1139,,0,1,1,2,1,53,15,540,660,5,5
1140,,0,1,1,2,5,33,30,180,420,1,5
1141,,0,1,1,2,1,31,48,180,420,1,5
1142,,0,1,1,2,2,45,59,180,420,1,5
1143,,0,1,1,2,4,95,75,180,420,1,5
1144,,0,1,1,2,4,83,73,180,420,2,5
1145,,0,1,1,2,1,9,57,180,420,1,5
1146,,0,1,1,2,1,29,11,180,420,4,5
1147,,0,1,1,2,5,55,51,180,420,3,5
1148,,0,1,1,2,2,73,44,180,420,1,5
1149,,0,1,1,2,1,28,89,180,420,1,5
1150,,0,1,1,2,1,56,24,180,420,1,5
1151,,0,1,1,2,1,10,87,180,420,2,5
1152,,0,1,1,2,4,53,87,180,420,1,5
1153,,0,1,1,2,4,16,42,180,420,1,5
1154,,0,1,1,2,5,16,70,180,420,1,5
1155,,0,1,1,2,4,27,80,180,420,2,5
1156,,0,1,1,2,3,58,41,180,420,2,5
1157,,0,1,1,2,5,34,43,180,420,2,5
1158,,0,1,1,2,2,36,29,180,420,2,5
1159,,0,1,1,2,3,51,73,180,420,2,5
1160,,0,1,1,2,1,53,47,180,420,2,5
1161,,0,1,1,2,3,43,97,180,420,2,5
1162,,0,1,1,2,4,60,57,180,420,2,5
1163,,0,1,1,2,2,52,27,180,420,2,5
1164,,0,1,1,2,4,46,52,180,420,2,5
1165,,0,1,1,2,1,3,84,180,420,2,5
1166,,0,1,1,2,2,72,84,180,420,2,5
1167,,0,1,1,2,4,16,36,180,420,2,5
1168,,0,1,1,2,3,30,73,180,420,2,5
1169,,0,1,1,2,5,38,30,180,420,2,5
1170,,0,1,1,2,5,10,71,180,420,2,5
1171,,0,1,1,2,4,15,53,180,420,2,5
1172,,0,1,1,2,1,16,15,180,420,2,5
1173,,0,1,1,2,3,31,46,180,420,1,5
1174,,0,1,1,2,5,72,65,180,420,2,5
1175,,0,1,1,2,4,46,79,180,420,2,5
1176,,0,1,1,2,3,43,48,180,420,1,5
1177,,0,1,1,2,2,64,85,180,420,1,5
1178,,0,1,1,2,3,67,67,180,420,1,5
1179,,0,1,1,2,3,81,58,180,420,3,5
1180,,0,1,1,2,4,30,35,180,420,3,5
1181,,0,1,1,2,3,41,61,180,420,1,5
1182,,0,1,1,2,3,18,75,180,420,1,5
1183,,0,1,1,2,2,82,35,180,420,1,5
1184,,0,1,1,2,4,58,86,180,420,1,5
1185,,0,1,1,2,2,65,61,180,420,1,5
1186,,0,1,1,2,2,40,67,180,420,1,5
1187,,0,1,1,2,2,22,76,180,420,1,5
1188,,0,1,1,2,2,40,92,180,420,1,5
1189,,0,1,1,2,2,12,76,180,420,1,5
1190,,0,1,1,2,2,31,56,180,420,1,5
1191,,0,1,1,2,4,23,78,180,420,3,5
1192,,0,1,1,2,4,96,77,180,420,2,5
1193,,0,1,1,2,2,41,19,180,420,1,5
1194,,0,1,1,2,1,34,68,180,420,1,5
1195,,0,1,1,2,3,84,64,180,420,1,5
1196,,0,1,1,2,2,49,41,180,420,1,5
1197,,0,1,1,2,4,31,33,180,420,2,5
1198,,0,1,1,2,3,53,54,180,420,1,5
1199,,0,1,1,2,4,28,35,180,420,4,5
1200,,0,1,1,2,2,72,87,180,420,1,5
1201,,0,1,1,2,4,48,91,180,420,1,5
1202,,0,1,1,2,1,16,16,180,420,1,5
1203,,0,1,1,2,4,28,35,180,420,1,5
1204,,0,1,1,2,4,92,70,180,420,1,5
1205,,0,1,1,2,1,43,67,180,420,1,5
1206,,0,1,1,2,2,21,65,180,420,1,5
1207,,0,1,1,2,2,87,17,180,420,1,5
1208,,0,1,1,2,4,21,47,180,420,1,5
1209,,0,1,1,2,4,28,29,180,420,1,5
1210,,0,1,1,2,3,56,48,180,420,1,5
1211,,0,1,1,2,3,22,94,180,420,2,5
1212,,0,1,1,2,2,30,55,180,420,5,5
1213,,0,1,1,2,2,35,27,180,420,1,5
1214,,0,1,1,2,2,80,40,180,420,1,5
1215,,0,1,1,2,4,63,64,180,420,5,5
1216,,0,1,1,2,4,14,34,180,420,5,5
1217,,0,1,1,2,3,35,59,180,420,1,5
1218,,0,1,1,2,3,6,81,180,420,1,5
1219,,0,1,1,2,3,53,79,180,420,2,5
1220,,0,1,1,2,2,26,92,180,420,1,5
1221,,0,1,1,2,4,27,35,180,420,1,5
1222,,0,1,1,2,2,42,91,180,420,1,5
1223,,0,1,1,2,1,16,28,180,420,1,5
1224,,0,1,1,2,4,65,61,180,420,1,5
1225,,0,1,1,2,4,29,35,180,420,1,5
1226,,0,1,1,2,3,84,58,180,420,1,5
1227,,0,1,1,2,2,85,33,180,420,1,5
1228,,0,1,1,2,3,87,42,180,420,1,5
1229,,0,1,1,2,5,46,42,180,420,1,5
1230,,0,1,1,2,3,29,47,180,420,1,5
1231,,0,1,1,2,3,49,46,180,420,1,5
1232,,0,1,1,2,4,41,58,180,420,5,5
1233,,0,1,1,2,1,13,86,180,420,1,5
1234,,0,1,1,2,4,28,77,180,420,1,5
1235,,0,1,1,2,3,42,72,180,420,2,5
1236,,0,1,1,2,1,52,11,180,420,1,5
1237,,0,1,1,2,3,68,61,180,420,1,5
1238,,0,1,1,2,2,59,59,180,420,5,5
1239,,0,1,1,2,3,57,48,180,420,2,5
1240,,0,1,1,2,5,81,57,180,420,5,5
1241,,0,1,1,2,2,14,71,180,420,1,5
1242,,0,1,1,2,2,72,23,180,420,1,5
1243,,0,1,1,2,5,11,56,180,420,1,5
1244,,0,1,1,2,1,35,46,180,420,1,5
1245,,0,1,1,2,2,34,11,180,420,1,5
1246,,0,1,1,2,2,15,20,180,420,2,5
1247,,0,1,1,2,1,37,14,180,420,1,5
1248,,0,1,1,2,3,82,77,180,420,3,5
1249,,0,1,1,2,2,51,73,180,420,1,5
1250,,0,1,1,2,2,36,51,180,420,1,5
1251,,0,1,1,2,5,3,79,180,420,1,5
1252,,0,1,1,2,1,7,92,180,420,1,5
1253,,0,1,1,2,3,50,82,180,420,1,5
1254,,0,1,1,2,5,64,45,180,420,5,5
1255,,0,1,1,2,1,11,26,180,420,2,5
1256,,0,1,1,2,3,80,79,180,420,2,5
1257,,0,1,1,2,1,39,72,180,420,1,5
1258,,0,1,1,2,1,56,14,180,420,1,5
1259,,0,1,1,2,3,70,69,180,420,5,5
1260,,0,1,1,2,4,37,57,180,420,1,5
1261,,0,1,1,2,5,66,64,180,420,2,5
1262,,0,1,1,2,3,58,47,180,420,1,5
1263,,0,1,1,2,5,6,75,180,420,1,5
1264,,0,1,1,2,3,59,83,180,420,1,5
1265,,0,1,1,2,5,38,58,180,420,1,5
1266,,0,1,1,2,1,64,32,180,420,5,5
1267,,0,1,1,2,5,46,38,180,420,2,5
1268,,0,1,1,2,4,49,68,180,420,3,5
1269,,0,1,1,2,4,49,70,180,420,1,5
1270,,0,1,1,2,2,21,64,180,420,1,5
1271,,0,1,1,2,1,16,20,180,420,1,5
1272,,0,1,1,2,3,81,55,180,420,1,5
1273,,0,1,1,2,4,25,37,180,420,1,5
1274,,0,1,1,2,3,43,82,180,420,5,5
1275,,0,1,1,2,1,0,81,180,420,5,5
1276,,0,1,1,2,5,33,22,180,420,1,5
1277,,0,1,1,2,3,56,45,180,420,1,5
1278,,0,1,1,2,1,11,73,180,420,1,5
1279,,0,1,1,2,4,91,74,180,420,1,5
1280,,0,1,1,2,2,37,46,180,420,1,5
1281,,0,1,1,2,5,92,39,180,420,2,5
1282,,0,1,1,2,2,24,85,180,420,2,5
1283,,0,1,1,2,3,55,57,180,420,1,5
1284,,0,1,1,2,5,83,39,180,420,1,5
1285,,0,1,1,2,3,84,80,180,420,1,5
1286,,0,1,1,2,5,57,43,180,420,1,5
1287,,0,1,1,2,3,71,56,180,420,1,5
1288,,0,1,1,2,1,51,44,180,420,3,5
1289,,0,1,1,2,5,56,47,180,420,3,5
1290,,0,1,1,2,2,37,50,180,420,2,5
1291,,0,1,1,2,2,13,92,180,420,2,5
1292,,0,1,1,2,3,32,67,180,420,1,5
1293,,0,1,1,2,2,66,36,180,420,1,5
1294,,0,1,1,2,3,12,52,180,420,1,5
1295,,0,1,1,2,3,50,10,180,420,1,5
1296,,0,1,1,2,3,50,89,180,420,1,5
1297,,0,1,1,2,2,49,50,180,420,1,5
1298,,0,1,1,2,3,20,80,180,420,1,5
1299,,0,1,1,2,5,31,79,180,420,5,5
1300,,0,1,1,2,5,37,21,180,420,5,5
1301,,0,1,1,2,5,55,51,180,420,1,5
1302,,0,1,1,2,4,39,89,180,420,1,5
1303,,0,1,1,2,1,3,75,180,420,3,5
1304,,0,1,1,2,3,12,78,180,420,2,5
1305,,0,1,1,2,1,29,65,180,420,2,5
1306,,0,1,1,2,1,50,18,180,420,5,5
1307,,0,1,1,2,1,6,93,180,420,2,5
1308,,0,1,1,2,3,35,79,180,420,2,5
1309,,0,1,1,2,5,46,32,180,420,3,5
1310,,0,1,1,2,2,65,23,180,420,2,5
1311,,0,1,1,2,2,43,58,180,420,2,5
1312,,0,1,1,2,1,30,73,180,420,2,5
1313,,0,1,1,2,5,38,58,180,420,2,5
1314,,0,1,1,2,3,77,92,180,420,4,5
1315,,0,1,1,2,2,62,75,180,420,2,5
1316,,0,1,1,2,2,85,37,180,420,2,5
1317,,0,1,1,2,3,27,92,180,420,2,5
1318,,0,1,1,2,5,59,15,180,420,1,5
1319,,0,1,1,2,3,30,46,180,420,1,5
1320,,0,1,1,2,4,64,65,180,420,1,5
1321,,0,1,1,2,1,40,47,180,420,3,5
1322,,0,1,1,2,3,85,83,180,420,1,5
1323,,0,1,1,2,1,18,14,180,420,1,5
1324,,0,1,1,2,4,56,86,180,420,5,5
1325,,0,1,1,2,4,14,34,180,420,1,5
1326,,0,1,1,2,1,52,58,180,420,1,5
1327,,0,1,1,2,4,30,37,180,420,1,5
1328,,0,1,1,2,5,27,64,180,420,1,5
1329,,0,1,1,2,4,29,66,180,420,5,5
1330,,0,1,1,2,4,55,78,180,420,5,5
1331,,0,1,1,2,2,71,72,180,420,1,5
1332,,0,1,1,2,1,26,36,180,420,4,5
1333,,0,1,1,2,1,36,20,180,420,1,5
1334,,0,1,1,2,3,54,85,180,420,4,5
1335,,0,1,1,2,1,44,74,180,420,4,5
1336,,0,1,1,2,3,44,51,180,420,4,5
1337,,0,1,1,2,5,27,96,180,420,4,5
1338,,0,1,1,2,3,16,66,180,420,1,5
1339,,0,1,1,2,3,34,82,180,420,5,5
1340,,0,1,1,2,5,81,44,180,420,5,5
1341,,0,1,1,2,4,71,67,180,420,1,5
1342,,0,1,1,2,3,13,52,180,420,1,5
1343,,0,1,1,2,2,55,56,180,420,1,5
1344,,0,1,1,2,2,1,87,180,420,1,5
1345,,0,1,1,2,1,-1,77,180,420,1,5
1346,,0,1,1,2,3,45,61,180,420,1,5
1347,,0,1,1,2,1,56,43,180,420,1,5
1348,,0,1,1,2,3,46,51,180,420,2,5
1349,,0,1,1,2,3,54,87,180,420,2,5
1350,,0,1,1,2,3,78,84,180,420,5,5
1351,,0,1,1,2,1,3,11,180,420,3,5
1352,,0,1,1,2,2,87,75,180,420,3,5
1353,,0,1,1,2,5,32,63,180,420,5,5
1354,,0,1,1,2,2,40,35,180,420,1,5
1355,,0,1,1,2,2,96,37,180,420,1,5
1356,,0,1,1,2,3,54,54,180,420,1,5
1357,,0,1,1,2,3,70,84,180,420,2,5
1358,,0,1,1,2,4,49,68,180,420,5,5
1359,,0,1,1,2,5,10,55,180,420,5,5
1360,,0,1,1,2,2,89,22,180,420,1,5
1361,,0,1,1,2,2,24,90,180,420,1,5
1362,,0,1,1,2,5,60,52,180,420,1,5
1363,,0,1,1,2,4,71,67,180,420,3,5
1364,,0,1,1,2,1,2,25,180,420,1,5
1365,,0,1,1,2,4,43,52,180,420,1,5
1366,,0,1,1,2,3,34,68,180,420,1,5
1367,,0,1,1,2,3,86,79,180,420,2,5
1368,,0,1,1,2,4,27,36,180,420,4,5
1369,,0,1,1,2,1,3,29,180,420,1,5
1370,,0,1,1,2,3,40,64,180,420,1,5
1371,,0,1,1,2,4,19,67,180,420,1,5
1372,,0,1,1,2,4,3,76,180,420,1,5
1373,,0,1,1,2,4,43,9,180,420,1,5
1374,,0,1,1,2,4,30,76,180,420,1,5
1375,,0,1,1,2,4,11,42,180,420,1,5
1376,,0,1,1,2,4,93,62,180,420,1,5
1377,,0,1,1,2,5,54,31,180,420,1,5
1378,,0,1,1,2,1,24,87,180,420,2,5
1379,,0,1,1,2,2,9,79,180,420,1,5
1380,,0,1,1,2,2,8,89,180,420,1,5
1381,,0,1,1,2,5,44,26,180,420,5,5
1382,,0,1,1,2,4,83,80,180,420,5,5
1383,,0,1,1,2,3,50,46,180,420,3,5
1384,,0,1,1,2,1,37,30,180,420,3,5
1385,,0,1,1,2,4,27,36,180,420,3,5
1386,,0,1,1,2,4,27,8,180,420,5,5
1387,,0,1,1,2,3,26,61,180,420,1,5
1388,,0,1,1,2,4,39,95,180,420,1,5
1389,,0,1,1,2,4,50,94,180,420,1,5
1390,,0,1,1,2,2,77,45,180,420,1,5
1391,,0,1,1,2,3,51,79,180,420,1,5
1392,,0,1,1,2,1,46,45,180,420,1,5
1393,,0,1,1,2,4,75,51,180,420,1,5
1394,,0,1,1,2,5,26,84,180,420,1,5
1395,,0,1,1,2,3,37,84,180,420,1,5
1396,,0,1,1,2,4,43,85,180,420,1,5
1397,,0,1,1,2,3,35,45,180,420,3,5
1398,,0,1,1,2,3,22,91,180,420,3,5
1399,,0,1,1,2,4,85,37,180,420,1,5
1400,,0,1,1,2,2,81,22,180,420,1,5
1401,,0,1,1,2,4,40,94,180,420,1,5
1402,,0,1,1,2,2,15,72,180,420,1,5
1403,,0,1,1,2,3,40,45,180,420,1,5
1404,,0,1,1,2,2,79,45,180,420,1,5
1405,,0,1,1,2,3,26,71,180,420,2,5
1406,,0,1,1,2,3,66,66,180,420,5,5
1407,,0,1,1,2,5,96,38,180,420,1,5
1408,,0,1,1,2,4,27,85,180,420,1,5
1409,,0,1,1,2,4,75,43,180,420,1,5
1410,,0,1,1,2,4,19,49,180,420,3,5
1411,,0,1,1,2,5,28,38,180,420,2,5
1412,,0,1,1,2,5,49,23,180,420,2,5
1413,,0,1,1,2,4,55,93,180,420,4,5
1414,,0,1,1,2,5,25,44,180,420,1,5
1415,,0,1,1,2,2,63,48,180,420,1,5
1416,,0,1,1,2,5,47,43,180,420,1,5
1417,,0,1,1,2,1,49,45,180,420,1,5
1418,,0,1,1,2,5,7,53,180,420,1,5
1419,,0,1,1,2,4,17,71,180,420,5,5
1420,,0,1,1,2,5,26,96,180,420,1,5
1421,,0,1,1,2,3,51,94,180,420,1,5
1422,,0,1,1,2,1,21,55,180,420,1,5
1423,,0,1,1,2,3,19,95,180,420,1,5
1424,,0,1,1,2,3,77,75,180,420,1,5
1425,,0,1,1,2,3,56,51,180,420,1,5
1426,,0,1,1,2,3,71,48,180,420,2,5
1427,,0,1,1,2,2,40,52,180,420,5,5
1428,,0,1,1,2,2,36,68,180,420,1,5
1429,,0,1,1,2,3,23,53,180,420,1,5
1430,,0,1,1,2,3,77,91,180,420,1,5
1431,,0,1,1,2,3,86,49,180,420,1,5
1432,,0,1,1,2,5,43,11,180,420,1,5
1433,,0,1,1,2,5,20,69,180,420,1,5
1434,,0,1,1,2,4,71,54,180,420,1,5
1435,,0,1,1,2,4,19,63,180,420,2,5
1436,,0,1,1,2,1,10,81,180,420,1,5
1437,,0,1,1,2,3,80,87,180,420,5,5
1438,,0,1,1,2,3,79,52,180,420,1,5
1439,,0,1,1,2,4,75,66,180,420,1,5
1440,,0,1,1,2,5,82,67,180,420,1,5
1441,,0,1,1,2,5,76,78,180,420,1,5
1442,,0,1,1,2,3,65,81,180,420,1,5
1443,,0,1,1,2,2,54,49,180,420,4,5
1444,,0,1,1,2,1,21,25,180,420,5,5
1445,,0,1,1,2,2,7,65,180,420,1,5
1446,,0,1,1,2,5,46,38,180,420,1,5
1447,,0,1,1,2,5,62,68,180,420,2,5
1448,,0,1,1,2,5,51,37,180,420,2,5
1449,,0,1,1,2,2,50,46,180,420,5,5
1450,,0,1,1,2,5,43,18,180,420,1,5
1451,,0,1,1,2,2,71,15,180,420,1,5
1452,,0,1,1,2,3,48,68,180,420,1,5
1453,,0,1,1,2,4,43,41,180,420,1,5
1454,,0,1,1,2,1,36,51,180,420,1,5
1455,,0,1,1,2,2,70,21,180,420,1,5
1456,,0,1,1,2,3,34,69,180,420,1,5
1457,,0,1,1,2,2,52,40,180,420,3,5
1458,,0,1,1,2,1,24,56,180,420,1,5
1459,,0,1,1,2,5,10,82,180,420,2,5
1460,,0,1,1,2,3,82,64,180,420,1,5
1461,,0,1,1,2,1,58,27,180,420,1,5
1462,,0,1,1,2,3,19,62,180,420,1,5
1463,,0,1,1,2,2,27,85,180,420,1,5
1464,,0,1,1,2,4,41,78,180,420,2,5
1465,,0,1,1,2,4,62,43,180,420,1,5
1466,,0,1,1,2,3,22,85,180,420,1,5
1467,,0,1,1,2,3,18,86,180,420,1,5
1468,,0,1,1,2,3,27,64,180,420,1,5
1469,,0,1,1,2,5,34,23,180,420,1,5
1470,,0,1,1,2,2,33,36,180,420,2,5
1471,,0,1,1,2,5,65,44,180,420,1,5
1472,,0,1,1,2,3,45,93,180,420,1,5
1473,,0,1,1,2,3,48,91,180,420,1,5
1474,,0,1,1,2,4,53,74,180,420,1,5
1475,,0,1,1,2,3,84,61,180,420,1,5
1476,,0,1,1,2,2,57,48,180,420,1,5
1477,,0,1,1,2,1,53,60,180,420,1,5
1478,,0,1,1,2,3,27,60,180,420,1,5
1479,,0,1,1,2,1,48,47,180,420,1,5
1480,,0,1,1,2,2,85,34,180,420,1,5
1481,,0,1,1,2,1,36,66,180,420,1,5
1482,,0,1,1,2,1,46,25,180,420,1,5
1483,,0,1,1,2,1,35,74,180,420,1,5
1484,,0,1,1,2,2,27,25,180,420,1,5
1485,,0,1,1,2,2,27,21,180,420,1,5
1486,,0,1,1,2,3,40,89,180,420,1,5
1487,,0,1,1,2,3,46,50,180,420,1,5
1488,,0,1,1,2,2,69,12,180,420,5,5
1489,,0,1,1,2,2,27,85,180,420,2,5
1490,,0,1,1,2,4,26,7,180,420,3,5
1491,,0,1,1,2,4,6,65,180,420,3,5
1492,,0,1,1,2,5,19,33,180,420,3,5
1493,,0,1,1,2,1,53,50,180,420,1,5
1494,,0,1,1,2,1,39,14,180,420,1,5
1495,,0,1,1,2,4,15,78,180,420,1,5
1496,,0,1,1,2,5,41,52,180,420,1,5
1497,,0,1,1,2,1,45,73,180,420,1,5
1498,,0,1,1,2,3,46,62,180,420,2,5
1499,,0,1,1,2,1,28,77,180,420,5,5
1500,,0,1,1,2,4,18,39,180,420,1,5
1501,,0,1,1,2,2,95,38,180,420,1,5
1502,,0,1,1,2,4,16,41,180,420,1,5
1503,,0,1,1,2,2,7,33,180,420,1,5
1504,,0,1,1,2,3,51,83,180,420,1,5
1505,,0,1,1,2,4,11,64,180,420,1,5
1506,,0,1,1,2,1,33,46,180,420,1,5
1507,,0,1,1,2,4,74,68,180,420,1,5
1508,,0,1,1,2,3,46,95,180,420,1,5
1509,,0,1,1,2,4,54,83,180,420,1,5
1510,,0,1,1,2,2,73,75,180,420,1,5
1511,,0,1,1,2,3,49,68,180,420,1,5
1512,,0,1,1,2,5,33,30,180,420,1,5
1513,,0,1,1,2,4,48,54,180,420,1,5
1514,,0,1,1,2,3,59,40,180,420,2,5
1515,,0,1,1,2,1,39,19,180,420,1,5
1516,,0,1,1,2,3,39,92,180,420,2,5
1517,,0,1,1,2,1,32,56,180,420,1,5
1518,,0,1,1,2,2,84,68,180,420,2,5
1519,,0,1,1,2,3,36,55,180,420,1,5
1520,,0,1,1,2,1,35,82,180,420,2,5
1521,,0,1,1,2,3,68,79,180,420,5,5
1522,,0,1,1,2,2,36,61,180,420,1,5
1523,,0,1,1,2,1,2,79,180,420,1,5
1524,,0,1,1,2,1,44,25,180,420,1,5
1525,,0,1,1,2,3,26,80,180,420,1,5
1526,,0,1,1,2,2,55,33,180,420,1,5
1527,,0,1,1,2,2,65,58,180,420,1,5
1528,,0,1,1,2,4,18,40,180,420,3,5
1529,,0,1,1,2,4,72,67,180,420,3,5
1530,,0,1,1,2,5,46,41,180,420,3,5
1531,,0,1,1,2,4,86,77,180,420,3,5
1532,,0,1,1,2,1,22,84,180,420,1,5
1533,,0,1,1,2,3,79,90,180,420,1,5
1534,,0,1,1,2,3,67,50,180,420,2,5
1535,,0,1,1,2,3,29,44,180,420,1,5
1536,,0,1,1,2,5,35,24,180,420,1,5
1537,,0,1,1,2,3,21,96,180,420,5,5
1538,,0,1,1,2,3,44,60,180,420,5,5
1539,,0,1,1,2,4,26,9,180,420,1,5
1540,,0,1,1,2,5,60,37,180,420,1,5
1541,,0,1,1,2,5,42,51,180,420,3,5
1542,,0,1,1,2,3,77,93,180,420,1,5
1543,,0,1,1,2,4,27,58,180,420,1,5
1544,,0,1,1,2,3,80,78,180,420,1,5
1545,,0,1,1,2,1,39,49,180,420,3,5
1546,,0,1,1,2,2,84,51,180,420,1,5
1547,,0,1,1,2,3,51,47,180,420,1,5
1548,,0,1,1,2,3,66,56,180,420,1,5
1549,,0,1,1,2,1,53,40,180,420,1,5
1550,,0,1,1,2,4,17,62,180,420,3,5
1551,,0,1,1,2,3,52,81,180,420,2,5
1552,,0,1,1,2,3,83,74,540,660,3,5
1553,,0,1,1,2,2,53,10,180,420,1,5
1554,,0,1,1,2,2,57,48,180,420,1,5
1555,,0,1,1,2,3,69,80,180,420,1,5
1556,,0,1,1,2,1,44,23,540,660,5,5
1557,,0,1,1,2,1,56,51,180,420,4,5
1558,,0,1,1,2,5,60,30,180,420,5,5
1559,,0,1,1,2,5,33,24,180,420,5,5
1560,,0,1,1,2,1,38,67,180,420,1,5
1561,,0,1,1,2,3,14,69,180,420,3,5
1562,,0,1,1,2,4,50,92,180,420,1,5
1563,,0,1,1,2,2,50,74,180,420,3,5
1564,,0,1,1,2,5,27,66,180,420,1,5
1565,,0,1,1,2,4,13,77,180,420,1,5
1566,,0,1,1,2,3,57,39,180,420,1,5
1567,,0,1,1,2,1,16,55,180,420,5,5
1568,,0,1,1,2,3,66,66,180,420,2,5
1569,,0,1,1,2,4,56,83,180,420,1,5
1570,,0,1,1,2,3,31,56,180,420,1,5
1571,,0,1,1,2,3,34,52,180,420,2,5
1572,,0,1,1,2,1,18,77,180,420,3,5
1573,,0,1,1,2,2,48,26,180,420,1,5
1574,,0,1,1,2,3,36,90,180,420,1,5
1575,,0,1,1,2,1,33,62,180,420,1,5
1576,,0,1,1,2,4,43,66,180,420,1,5
1577,,0,1,1,2,2,16,70,180,420,1,5
1578,,0,1,1,2,2,23,88,180,420,1,5
1579,,0,1,1,2,4,38,85,180,420,1,5
1580,,0,1,1,2,1,17,35,180,420,4,5
1581,,0,1,1,2,3,57,40,180,420,1,5
1582,,0,1,1,2,3,70,50,180,420,3,5
1583,,0,1,1,2,5,63,67,180,420,1,5
1584,,0,1,1,2,3,61,79,180,420,1,5
1585,,0,1,1,2,4,29,37,180,420,1,5
1586,,0,1,1,2,3,36,37,180,420,1,5
1587,,0,1,1,2,1,51,17,180,420,1,5
1588,,0,1,1,2,3,44,70,180,420,1,5
1589,,0,1,1,2,1,26,12,180,420,1,5
1590,,0,1,1,2,4,71,61,180,420,1,5
1591,,0,1,1,2,3,44,50,180,420,1,5
1592,,0,1,1,2,3,18,61,180,420,3,5
1593,,0,1,1,2,3,64,78,180,420,5,5
1594,,0,1,1,2,5,28,45,180,420,3,5
1595,,0,1,1,2,2,90,70,180,420,2,5
1596,,0,1,1,2,4,45,45,180,420,1,5
1597,,0,1,1,2,3,82,57,180,420,1,5
1598,,0,1,1,2,2,40,71,180,420,5,5
1599,,0,1,1,2,3,40,55,180,420,1,5
1600,,0,1,1,2,4,24,77,180,420,1,5
1601,,0,1,1,2,3,14,56,180,420,1,5
1602,,0,1,1,2,4,22,55,180,420,1,5
1603,,0,1,1,2,3,50,87,180,420,5,5
1604,,0,1,1,2,5,70,65,180,420,1,5
1605,,0,1,1,2,4,75,55,180,420,1,5
1606,,0,1,1,2,2,89,57,180,420,1,5
1607,,0,1,1,2,4,38,67,180,420,1,5
1608,,0,1,1,2,4,23,34,180,420,1,5
1609,,0,1,1,2,4,49,95,180,420,1,5
1610,,0,1,1,2,2,25,58,180,420,1,5
1611,,0,1,1,2,4,45,89,180,420,1,5
1612,,0,1,1,2,4,55,93,180,420,1,5
1613,,0,1,1,2,2,54,49,180,420,1,5
1614,,0,1,1,2,1,51,65,180,420,1,5
1615,,0,1,1,2,5,64,61,180,420,1,5
1616,,0,1,1,2,3,26,32,180,420,1,5
1617,,0,1,1,2,3,73,64,180,420,1,5
1618,,0,1,1,2,3,56,55,180,420,1,5
1619,,0,1,1,2,4,22,80,180,420,1,5
1620,,0,1,1,2,3,79,51,180,420,4,5
1621,,0,1,1,2,1,45,31,180,420,1,5
1622,,0,1,1,2,5,55,26,180,420,1,5
1623,,0,1,1,2,5,34,45,180,420,1,5
1624,,0,1,1,2,4,32,44,180,420,2,5
1625,,0,1,1,2,5,29,64,180,420,5,5
1626,,0,1,1,2,2,10,67,180,420,5,5
1627,,0,1,1,2,1,58,20,180,420,1,5
1628,,0,1,1,2,2,42,92,180,420,1,5
1629,,0,1,1,2,3,58,39,180,420,1,5
1630,,0,1,1,2,3,52,87,180,420,1,5
1631,,0,1,1,2,2,50,70,180,420,1,5
1632,,0,1,1,2,4,64,36,180,420,5,5
1633,,0,1,1,2,4,29,74,180,420,1,5
1634,,0,1,1,2,3,39,80,180,420,5,5
1635,,0,1,1,2,2,73,76,180,420,2,5
1636,,0,1,1,2,4,50,68,180,420,1,5
1637,,0,1,1,2,2,11,82,180,420,1,5
1638,,0,1,1,2,5,79,42,180,420,1,5
1639,,0,1,1,2,2,35,50,180,420,1,5
1640,,0,1,1,2,4,34,52,180,420,3,5
1641,,0,1,1,2,1,21,45,180,420,2,5
1642,,0,1,1,2,3,21,80,180,420,3,5
1643,,0,1,1,2,3,47,50,180,420,1,5
1644,,0,1,1,2,1,12,64,180,420,5,5
1645,,0,1,1,2,4,43,49,180,420,1,5
1646,,0,1,1,2,5,63,55,180,420,1,5
1647,,0,1,1,2,1,15,77,180,420,1,5
1648,,0,1,1,2,3,53,49,180,420,2,5
1649,,0,1,1,2,3,29,81,180,420,1,5
1650,,0,1,1,2,4,14,36,180,420,1,5
1651,,0,1,1,2,4,66,67,180,420,1,5
1652,,0,1,1,2,5,19,54,180,420,1,5
1653,,0,1,1,2,5,58,43,180,420,1,5
1654,,0,1,1,2,5,40,51,180,420,1,5
1655,,0,1,1,2,4,30,36,180,420,1,5
1656,,0,1,1,2,4,11,48,180,420,1,5
1657,,0,1,1,2,3,57,73,180,420,1,5
1658,,0,1,1,2,3,30,89,180,420,1,5
1659,,0,1,1,2,1,5,95,180,420,1,5
1660,,0,1,1,2,1,35,74,180,420,1,5
1661,,0,1,1,2,1,49,19,180,420,1,5
1662,,0,1,1,2,3,59,39,180,420,1,5
1663,,0,1,1,2,4,20,43,180,420,1,5
1664,,0,1,1,2,1,17,46,180,420,1,5
1665,,0,1,1,2,3,28,64,180,420,5,5
1666,,0,1,1,2,2,53,73,180,420,5,5
1667,,0,1,1,2,4,68,61,180,420,1,5
1668,,0,1,1,2,4,30,35,180,420,1,5
1669,,0,1,1,2,1,42,18,180,420,1,5
1670,,0,1,1,2,2,57,22,180,420,1,5
1671,,0,1,1,2,2,16,20,180,420,1,5
1672,,0,1,1,2,3,64,72,180,420,1,5
1673,,0,1,1,2,5,27,42,180,420,1,5
1674,,0,1,1,2,3,69,45,180,420,2,5
1675,,0,1,1,2,4,19,39,180,420,1,5
1676,,0,1,1,2,1,39,28,180,420,1,5
1677,,0,1,1,2,2,80,58,180,420,1,5
1678,,0,1,1,2,2,69,12,180,420,1,5
1679,,0,1,1,2,1,24,12,180,420,1,5
1680,,0,1,1,2,4,23,74,180,420,4,5
1681,,0,1,1,2,3,41,99,180,420,1,5
1682,,0,1,1,2,4,73,66,180,420,1,5
1683,,0,1,1,2,1,10,44,180,420,5,5
1684,,0,1,1,2,1,29,21,180,420,1,5
1685,,0,1,1,2,1,54,23,180,420,1,5
1686,,0,1,1,2,4,25,53,180,420,1,5
1687,,0,1,1,2,1,48,65,180,420,3,5
1688,,0,1,1,2,3,71,81,180,420,1,5
1689,,0,1,1,2,2,73,71,180,420,1,5
1690,,0,1,1,2,4,17,33,180,420,1,5
1691,,0,1,1,2,4,40,44,180,420,1,5
1692,,0,1,1,2,4,31,71,180,420,1,5
1693,,0,1,1,2,3,23,32,180,420,2,5
1694,,0,1,1,2,5,52,36,180,420,1,5
1695,,0,1,1,2,4,15,43,180,420,1,5
1696,,0,1,1,2,1,29,11,180,420,1,5
1697,,0,1,1,2,1,13,54,180,420,1,5
1698,,0,1,1,2,1,50,47,180,420,1,5
1699,,0,1,1,2,1,45,61,180,420,1,5
1700,,0,1,1,2,5,14,71,180,420,1,5
1701,,0,1,1,2,1,21,83,180,420,1,5
1702,,0,1,1,2,3,55,41,180,420,1,5
1703,,0,1,1,2,1,10,39,180,420,1,5
1704,,0,1,1,2,3,86,71,180,420,1,5
1705,,0,1,1,2,3,80,68,180,420,4,5
1706,,0,1,1,2,5,40,65,180,420,1,5
1707,,0,1,1,2,3,51,69,180,420,1,5
1708,,0,1,1,2,3,42,71,180,420,2,5
1709,,0,1,1,2,3,37,92,180,420,1,5
1710,,0,1,1,2,4,76,54,180,420,3,5
1711,,0,1,1,2,4,93,73,180,420,1,5
1712,,0,1,1,2,4,46,44,180,420,1,5
1713,,0,1,1,2,5,55,16,180,420,1,5
1714,,0,1,1,2,3,22,98,180,420,5,5
1715,,0,1,1,2,4,13,36,180,420,1,5
1716,,0,1,1,2,3,23,32,180,420,1,5
1717,,0,1,1,2,4,56,48,180,420,1,5
1718,,0,1,1,2,4,40,90,180,420,1,5
1719,,0,1,1,2,4,54,83,180,420,1,5
1720,,0,1,1,2,1,16,90,180,420,2,5
1721,,0,1,1,2,1,17,85,180,420,1,5
1722,,0,1,1,2,4,53,87,180,420,1,5
1723,,0,1,1,2,3,17,84,180,420,3,5
1724,,0,1,1,2,2,18,71,180,420,3,5
1725,,0,1,1,2,2,92,69,180,420,1,5
1726,,0,1,1,2,4,17,39,180,420,4,5
1727,,0,1,1,2,4,24,51,180,420,4,5
1728,,0,1,1,2,5,26,46,180,420,1,5
1729,,0,1,1,2,2,93,50,180,420,1,5
1730,,0,1,1,2,4,49,66,180,420,1,5
1731,,0,1,1,2,3,45,72,180,420,1,5
1732,,0,1,1,2,3,22,91,180,420,1,5
1733,,0,1,1,2,2,13,69,180,420,5,5
1734,,0,1,1,2,3,12,56,180,420,1,5
1735,,0,1,1,2,4,55,76,180,420,1,5
1736,,0,1,1,2,2,85,33,180,420,1,5
1737,,0,1,1,2,2,50,36,180,420,2,5
1738,,0,1,1,2,4,67,48,180,420,1,5
1739,,0,1,1,2,3,72,81,180,420,1,5
1740,,0,1,1,2,2,77,23,180,420,1,5
1741,,0,1,1,2,5,61,54,180,420,1,5
1742,,0,1,1,2,5,41,50,180,420,3,5
1743,,0,1,1,2,5,30,57,180,420,5,5
1744,,0,1,1,2,1,28,89,180,420,1,5
1745,,0,1,1,2,3,31,92,180,420,2,5
1746,,0,1,1,2,4,90,64,180,420,1,5
1747,,0,1,1,2,2,75,69,180,420,1,5
1748,,0,1,1,2,2,12,77,180,420,1,5
1749,,0,1,1,2,1,16,76,180,420,5,5
1750,,0,1,1,2,3,25,70,180,420,1,5
1751,,0,1,1,2,1,26,64,180,420,1,5
1752,,0,1,1,2,4,73,52,180,420,1,5
1753,,0,1,1,2,3,64,60,180,420,1,5
1754,,0,1,1,2,3,86,81,180,420,4,5
1755,,0,1,1,2,1,45,21,180,420,1,5
1756,,0,1,1,2,5,19,53,180,420,1,5
1757,,0,1,1,2,5,45,52,180,420,1,5
1758,,0,1,1,2,1,50,53,180,420,2,5
1759,,0,1,1,2,3,87,82,180,420,1,5
1760,,0,1,1,2,3,36,87,180,420,5,5
1761,,0,1,1,2,3,46,60,180,420,1,5
1762,,0,1,1,2,3,29,64,180,420,1,5
1763,,0,1,1,2,3,34,68,180,420,1,5
1764,,0,1,1,2,4,44,79,180,420,2,5
1765,,0,1,1,2,2,37,58,180,420,4,5
1766,,0,1,1,2,5,19,64,180,420,2,5
1767,,0,1,1,2,1,25,78,180,420,1,5
1768,,0,1,1,2,2,43,44,180,420,5,5
1769,,0,1,1,2,4,69,54,180,420,2,5
1770,,0,1,1,2,4,73,67,180,420,3,5
1771,,0,1,1,2,5,51,31,180,420,1,5
1772,,0,1,1,2,3,25,87,180,420,1,5
1773,,0,1,1,2,1,35,76,180,420,1,5
1774,,0,1,1,2,4,45,41,180,420,1,5
1775,,0,1,1,2,4,17,42,180,420,1,5
1776,,0,1,1,2,4,33,58,180,420,1,5
1777,,0,1,1,2,5,63,33,180,420,4,5
1778,,0,1,1,2,3,29,90,180,420,2,5
1779,,0,1,1,2,2,1,68,180,420,1,5
1780,,0,1,1,2,2,4,99,180,420,2,5
1781,,0,1,1,2,4,29,34,180,420,1,5
1782,,0,1,1,2,5,13,80,180,420,1,5
1783,,0,1,1,2,5,29,62,180,420,1,5
1784,,0,1,1,2,5,20,72,180,420,1,5
1785,,0,1,1,2,5,43,43,180,420,1,5
1786,,0,1,1,2,5,66,61,180,420,1,5
1787,,0,1,1,2,3,31,87,180,420,1,5
1788,,0,1,1,2,4,92,62,180,420,1,5
1789,,0,1,1,2,1,41,50,180,420,2,5
1790,,0,1,1,2,4,50,97,180,420,1,5
1791,,0,1,1,2,2,63,91,180,420,1,5
1792,,0,1,1,2,3,22,95,180,420,5,5
1793,,0,1,1,2,1,57,11,180,420,1,5
1794,,0,1,1,2,2,37,64,180,420,1,5
1795,,0,1,1,2,1,47,31,180,420,1,5
1796,,0,1,1,2,4,55,41,180,420,1,5
1797,,0,1,1,2,3,44,93,180,420,1,5
1798,,0,1,1,2,3,41,66,180,420,1,5
1799,,0,1,1,2,1,17,90,180,420,1,5
1800,,0,1,1,2,3,22,51,180,420,1,5
1801,,0,1,1,2,3,69,79,180,420,1,5
1802,,0,1,1,2,3,21,91,180,420,1,5
1803,,0,1,1,2,3,45,29,180,420,2,5
1804,,0,1,1,2,2,74,41,180,420,1,5
1805,,0,1,1,2,4,22,44,180,420,5,5
1806,,0,1,1,2,1,52,51,180,420,1,5
1807,,0,1,1,2,4,48,96,180,420,5,5
1808,,0,1,1,2,3,45,61,180,420,1,5
1809,,0,1,1,2,4,45,63,180,420,3,5
1810,,0,1,1,2,4,28,34,180,420,1,5
1811,,0,1,1,2,3,57,94,180,420,1,5
1812,,0,1,1,2,5,22,73,180,420,1,5
1813,,0,1,1,2,5,4,76,180,420,1,5
1814,,0,1,1,2,5,23,76,180,420,1,5
1815,,0,1,1,2,3,47,68,180,420,1,5
1816,,0,1,1,2,2,68,10,180,420,1,5
1817,,0,1,1,2,3,42,45,180,420,1,5
1818,,0,1,1,2,5,56,49,180,420,1,5
1819,,0,1,1,2,4,23,15,180,420,1,5
1820,,0,1,1,2,5,44,30,180,420,1,5
1821,,0,1,1,2,2,51,39,180,420,1,5
1822,,0,1,1,2,4,73,52,180,420,1,5
1823,,0,1,1,2,2,43,65,180,420,1,5
1824,,0,1,1,2,5,44,20,180,420,1,5
1825,,0,1,1,2,5,65,57,180,420,1,5
1826,,0,1,1,2,4,20,78,180,420,5,5
1827,,0,1,1,2,3,27,90,180,420,5,5
1828,,0,1,1,2,2,78,38,180,420,1,5
1829,,0,1,1,2,2,2,85,180,420,1,5
1830,,0,1,1,2,3,68,77,180,420,1,5
1831,,0,1,1,2,4,30,35,180,420,1,5
1832,,0,1,1,2,4,44,12,180,420,1,5
1833,,0,1,1,2,1,55,42,180,420,5,5
1834,,0,1,1,2,5,30,63,180,420,1,5
1835,,0,1,1,2,2,75,35,180,420,1,5
1836,,0,1,1,2,1,21,13,180,420,1,5
1837,,0,1,1,2,5,92,58,540,660,5,5
1838,,0,1,1,2,3,20,87,180,420,1,5
1839,,0,1,1,2,3,32,51,180,420,2,5
1840,,0,1,1,2,4,25,51,180,420,1,5
1841,,0,1,1,2,4,36,46,180,420,1,5
1842,,0,1,1,2,4,17,49,180,420,1,5
1843,,0,1,1,2,2,56,42,180,420,1,5
1844,,0,1,1,2,5,12,75,180,420,1,5
1845,,0,1,1,2,4,83,79,180,420,1,5
1846,,0,1,1,2,2,26,52,180,420,2,5
1847,,0,1,1,2,1,24,31,180,420,5,5
1848,,0,1,1,2,4,19,77,180,420,1,5
1849,,0,1,1,2,4,57,45,180,420,5,5
1850,,0,1,1,2,3,81,88,180,420,1,5
1851,,0,1,1,2,3,48,44,180,420,2,5
1852,,0,1,1,2,2,43,93,180,420,1,5
1853,,0,1,1,2,5,80,33,180,420,1,5
1854,,0,1,1,2,5,43,44,180,420,1,5
1855,,0,1,1,2,1,20,74,180,420,1,5
1856,,0,1,1,2,4,12,28,180,420,1,5
1857,,0,1,1,2,1,53,52,180,420,1,5
1858,,0,1,1,2,4,49,85,180,420,1,5
1859,,0,1,1,2,4,13,78,180,420,1,5
1860,,0,1,1,2,1,33,59,180,420,2,5
1861,,0,1,1,2,5,24,46,540,660,10,5
1862,,0,1,1,2,3,68,69,180,420,3,5
1863,,0,1,1,2,2,45,36,180,420,5,5
1864,,0,1,1,2,3,62,61,180,420,5,5
1865,,0,1,1,2,3,33,52,180,420,5,5
1866,,0,1,1,2,3,27,50,180,420,5,5
1867,,0,1,1,2,1,35,21,180,420,1,5
1868,,0,1,1,2,3,35,64,180,420,2,5
1869,,0,1,1,2,5,13,75,180,420,3,5
1870,,0,1,1,2,4,14,36,180,420,3,5
1871,,0,1,1,2,1,22,54,180,420,1,5
1872,,0,1,1,2,1,38,28,180,420,1,5
1873,,0,1,1,2,3,16,77,180,420,2,5
1874,,0,1,1,2,4,20,59,180,420,1,5
1875,,0,1,1,2,3,77,94,180,420,1,5
1876,,0,1,1,2,2,87,17,180,420,1,5
1877,,0,1,1,2,1,7,30,180,420,1,5
1878,,0,1,1,2,1,53,29,180,420,1,5
1879,,0,1,1,2,1,27,16,180,420,1,5
1880,,0,1,1,2,1,32,53,180,420,1,5
1881,,0,1,1,2,4,17,58,180,420,1,5
1882,,0,1,1,2,4,69,45,180,420,1,5
1883,,0,1,1,2,2,88,25,180,420,5,5
1884,,0,1,1,2,3,74,83,180,420,2,5
1885,,0,1,1,2,2,89,17,180,420,1,5
1886,,0,1,1,2,3,60,48,180,420,1,5
1887,,0,1,1,2,3,73,75,180,420,1,5
1888,,0,1,1,2,2,12,75,180,420,1,5
1889,,0,1,1,2,1,16,64,180,420,1,5
1890,,0,1,1,2,3,17,84,180,420,2,5
1891,,0,1,1,2,1,55,28,180,420,2,5
1892,,0,1,1,2,1,56,11,180,420,1,5
1893,,0,1,1,2,2,55,35,180,420,1,5
1894,,0,1,1,2,2,35,35,180,420,2,5
1895,,0,1,1,2,2,46,69,180,420,1,5
1896,,0,1,1,2,3,28,78,180,420,1,5
1897,,0,1,1,2,2,13,97,180,420,1,5
1898,,0,1,1,2,2,24,86,180,420,5,5
1899,,0,1,1,2,4,49,51,180,420,1,5
1900,,0,1,1,2,4,47,77,180,420,5,5
1901,,0,1,1,2,1,54,48,180,420,5,5
1902,,0,1,1,2,5,42,53,180,420,1,5
1903,,0,1,1,2,5,52,69,180,420,1,5
1904,,0,1,1,2,4,20,78,180,420,1,5
1905,,0,1,1,2,4,30,78,180,420,1,5
1906,,0,1,1,2,2,80,47,180,420,2,5
1907,,0,1,1,2,3,14,57,180,420,2,5
1908,,0,1,1,2,3,56,39,180,420,2,5
1909,,0,1,1,2,3,86,53,180,420,1,5
1910,,0,1,1,2,4,37,62,180,420,1,5
1911,,0,1,1,2,5,41,55,180,420,1,5
1912,,0,1,1,2,2,4,80,180,420,1,5
1913,,0,1,1,2,3,68,47,180,420,1,5
1914,,0,1,1,2,4,41,40,180,420,5,5
1915,,0,1,1,2,2,97,21,180,420,1,5
1916,,0,1,1,2,1,50,67,180,420,3,5
1917,,0,1,1,2,1,35,78,180,420,5,5
1918,,0,1,1,2,2,43,78,180,420,2,5
1919,,0,1,1,2,3,7,74,180,420,1,5
1920,,0,1,1,2,3,14,54,180,420,1,5
1921,,0,1,1,2,5,26,47,180,420,2,5
1922,,0,1,1,2,2,54,46,180,420,1,5
1923,,0,1,1,2,3,51,45,180,420,1,5
1924,,0,1,1,2,4,13,67,180,420,1,5
1925,,0,1,1,2,4,36,64,180,420,1,5
1926,,0,1,1,2,3,28,88,180,420,1,5
1927,,0,1,1,2,3,70,71,180,420,1,5
1928,,0,1,1,2,4,48,70,180,420,5,5
1929,,0,1,1,2,3,26,74,180,420,1,5
1930,,0,1,1,2,5,20,60,180,420,1,5
1931,,0,1,1,2,3,42,35,180,420,1,5
1932,,0,1,1,2,3,76,58,180,420,1,5
1933,,0,1,1,2,1,48,52,180,420,1,5
1934,,0,1,1,2,4,6,75,180,420,1,5
1935,,0,1,1,2,3,44,74,180,420,1,5
1936,,0,1,1,2,3,41,29,180,420,5,5
1937,,0,1,1,2,4,74,67,180,420,3,5
1938,,0,1,1,2,1,33,37,180,420,1,5
1939,,0,1,1,2,5,21,61,180,420,1,5
1940,,0,1,1,2,4,49,32,180,420,1,5
1941,,0,1,1,2,2,35,28,180,420,6,5
1942,,0,1,1,2,1,1,75,180,420,2,5
1943,,0,1,1,2,2,25,36,180,420,6,5
1944,,0,1,1,2,2,41,60,180,420,5,5
1945,,0,1,1,2,2,42,25,180,420,2,5
1946,,0,1,1,2,4,23,53,180,420,4,5
1947,,0,1,1,2,4,31,35,180,420,1,5
1948,,0,1,1,2,1,2,80,180,420,1,5
1949,,0,1,1,2,1,30,54,180,420,6,5
1950,,0,1,1,2,3,47,81,180,420,3,5
1951,,0,1,1,2,2,2,82,180,420,3,5
1952,,0,1,1,2,1,50,37,180,420,4,5
1953,,0,1,1,2,2,76,61,180,420,5,5
1954,,0,1,1,2,4,25,53,180,420,4,5
1955,,0,1,1,2,5,62,51,180,420,2,5
1956,,0,1,1,2,3,81,72,180,420,5,5
1957,,0,1,1,2,1,14,38,180,420,2,5
1958,,0,1,1,2,1,27,28,180,420,4,5
1959,,0,1,1,2,3,19,67,180,420,2,5
1960,,0,1,1,2,4,38,68,180,420,5,5
1961,,0,1,1,2,1,20,24,180,420,2,5
1962,,0,1,1,2,4,73,68,180,420,5,5
1963,,0,1,1,2,1,34,22,180,420,3,5
1964,,0,1,1,2,3,74,92,180,420,5,5
1965,,0,1,1,2,5,33,22,180,420,5,5
1966,,0,1,1,2,1,16,38,180,420,4,5
1967,,0,1,1,2,5,56,48,180,420,3,5
1968,,0,1,1,2,3,44,77,180,420,6,5
1969,,0,1,1,2,2,86,34,180,420,3,5
1970,,0,1,1,2,1,19,64,180,420,6,5
1971,,0,1,1,2,1,47,63,180,420,1,5
1972,,0,1,1,2,3,28,63,180,420,5,5
1973,,0,1,1,2,5,56,50,180,420,2,5
1974,,0,1,1,2,5,54,7,180,420,3,5
1975,,0,1,1,2,2,43,19,180,420,3,5
1976,,0,1,1,2,4,86,79,180,420,5,5
1977,,0,1,1,2,4,43,82,180,420,4,5
1978,,0,1,1,2,1,56,56,180,420,3,5
1979,,0,1,1,2,3,26,66,180,420,6,5
1980,,0,1,1,2,2,41,59,180,420,1,5
1981,,0,1,1,2,1,59,30,180,420,5,5
1982,,0,1,1,2,1,30,83,180,420,1,5
1983,,0,1,1,2,1,16,85,180,420,1,5
1984,,0,1,1,2,5,25,35,180,420,4,5
1985,,0,1,1,2,1,33,46,180,420,3,5
1986,,0,1,1,2,1,8,69,180,420,4,5
1987,,0,1,1,2,3,42,75,180,420,4,5
1988,,0,1,1,2,4,48,55,180,420,6,5
1989,,0,1,1,2,3,52,39,180,420,3,5
1990,,0,1,1,2,1,4,76,180,420,6,5
1991,,0,1,1,2,3,30,88,180,420,3,5
1992,,0,1,1,2,5,20,64,180,420,3,5
1993,,0,1,1,2,3,71,76,180,420,5,5
1994,,0,1,1,2,1,21,75,180,420,3,5
1995,,0,1,1,2,4,17,49,180,420,2,5
1996,,0,1,1,2,3,56,58,180,420,4,5
1997,,0,1,1,2,1,41,55,180,420,2,5
1998,,0,1,1,2,4,24,7,180,420,1,5
1999,,0,1,1,2,4,5,77,180,420,5,5
2000,,0,1,1,2,3,58,39,180,420,3,5
2001,,0,1,1,2,2,24,90,180,420,2,5
