Order,Day-Order,Time-Order,Day-Ops,Service,Type,Origin,X,Y,Early,Latest,Demand,Service Time 
,,,,,0,1,86,83,,,,0
,,,,,1,1,86,83,,,,15
,,,,,1,1,53,49,,,,15
,,,,,1,1,19,51,,,,15
,,,,,1,1,86,56,,,,15
,,,,,1,1,56,30,,,,15
,,,,,1,1,53,63,,,,15
,,,,,1,1,63,49,,,,15
,,,,,0,2,73,50,,,,0
,,,,,1,2,73,50,,,,15
,,,,,1,2,72,74,,,,15
,,,,,1,2,83,51,,,,15
,,,,,1,2,83,78,,,,15
,,,,,1,2,93,64,,,,15
,,,,,1,2,76,61,,,,15
,,,,,1,2,75,34,,,,15
1,1,0,1,1,3,1,69,58,60,180,1,5
2,1,0,1,1,3,1,51,26,180,300,2,5
3,1,0,1,1,3,1,46,33,180,300,4,5
4,1,0,1,1,3,1,46,33,180,300,2,5
5,1,0,1,1,3,1,88,63,60,180,5,5
6,1,0,1,1,3,1,47,65,60,180,1,5
7,1,0,1,1,3,1,68,39,60,180,3,5
8,1,0,1,1,3,1,66,26,60,180,1,5
9,1,0,1,1,3,1,82,54,180,300,1,5
10,1,0,1,1,3,1,44,31,60,180,1,5
11,1,0,1,1,3,1,63,78,60,180,1,5
12,1,42,1,1,3,1,61,31,60,180,1,5
13,1,60,1,2,3,1,91,31,660,780,3,5
14,1,61,1,1,3,1,68,65,180,300,1,5
15,1,64,1,1,3,1,74,48,180,300,1,5
16,1,80,1,1,3,1,59,50,180,300,1,5
17,1,82,1,1,3,1,87,64,180,300,1,5
18,1,88,1,1,3,1,68,59,180,300,1,5
19,1,89,1,1,3,1,45,27,180,300,1,5
20,1,94,1,1,3,1,97,56,180,300,1,5
21,1,101,1,1,3,1,62,36,180,300,1,5
22,1,109,1,1,3,1,67,40,180,300,2,5
23,1,112,1,1,3,1,37,73,180,300,1,5
24,1,114,1,1,3,1,63,46,180,300,1,5
25,1,115,1,1,3,1,78,60,180,300,1,5
26,1,119,1,1,3,1,22,80,180,300,1,5
27,1,123,1,1,3,1,85,58,180,300,1,5
28,1,125,1,1,3,1,76,59,180,300,1,5
29,1,128,1,1,3,1,23,80,180,300,1,5
30,1,131,1,1,3,1,55,60,180,300,1,5
31,1,133,1,1,3,1,23,81,180,300,1,5
32,1,135,1,1,3,1,79,34,180,300,1,5
33,1,135,1,1,3,1,59,34,180,300,1,5
34,1,138,1,2,3,1,98,55,420,540,5,5
35,1,138,1,1,3,1,59,50,180,300,1,5
36,1,148,1,1,3,1,73,40,180,300,1,5
37,1,149,1,1,3,1,52,21,180,300,1,5
38,1,151,1,1,3,1,75,49,180,300,1,5
39,1,155,1,1,3,1,59,31,180,300,1,5
40,1,157,1,1,3,1,90,30,180,300,4,5
41,1,174,1,1,3,1,63,68,180,300,2,5
42,1,216,1,2,3,1,63,18,300,420,1,5
43,1,231,1,1,3,1,75,35,420,540,1,5
44,1,231,1,1,3,1,75,35,420,540,1,5
45,1,243,1,2,3,1,57,24,660,780,3,5
46,1,256,1,2,3,1,75,56,300,420,1,5
47,1,298,1,2,3,1,55,60,300,420,1,5
48,1,316,1,2,3,1,59,25,420,540,1,5
49,1,334,1,2,3,1,49,19,660,780,1,5
50,1,343,1,2,3,1,48,1,420,540,1,5
51,1,371,1,2,3,1,81,61,420,540,5,5
52,1,383,1,2,3,1,52,42,540,660,1,5
53,1,438,1,2,3,1,86,49,660,780,1,5
54,1,442,1,2,3,1,67,51,540,660,2,5
55,1,467,1,2,3,1,47,30,540,660,2,5
56,1,471,1,2,3,1,51,36,540,660,5,5
57,1,471,1,2,3,1,79,34,540,660,1,5
58,1,540,1,2,3,1,79,34,540,660,1,5
59,1,546,1,2,3,1,51,40,660,780,1,5
60,1,548,1,2,3,1,76,53,660,780,1,5
61,1,562,1,2,3,1,64,60,660,780,1,5
62,1,568,1,2,3,1,63,29,660,780,1,5
63,1,569,1,2,3,1,55,60,660,780,1,5
64,1,569,1,2,3,1,55,60,660,780,1,5
65,1,619,1,2,3,1,11,51,660,780,5,5
66,1,623,1,2,3,1,43,19,660,780,1,5
67,1,625,1,2,3,1,43,19,660,780,1,5
68,1,0,1,1,3,2,85,30,60,180,1,5
69,1,0,1,1,3,2,82,3,180,300,1,5
70,1,0,1,1,3,2,73,45,180,300,2,5
71,1,0,1,1,3,2,72,46,180,300,1,5
72,1,0,1,1,3,2,83,90,60,180,5,5
73,1,0,1,1,3,2,91,66,60,180,4,5
74,1,5,1,1,3,2,83,54,60,180,2,5
75,1,29,1,1,3,2,78,49,60,180,1,5
76,1,33,1,1,3,2,80,59,60,180,3,5
77,1,40,1,1,3,2,87,43,60,180,5,5
78,1,55,1,1,3,2,88,50,60,180,3,5
79,1,65,1,1,3,2,72,74,180,300,2,5
80,1,70,1,1,3,2,84,85,180,300,1,5
81,1,82,1,1,3,2,70,43,180,300,1,5
82,1,86,1,1,3,2,95,63,180,300,3,5
83,1,93,1,1,3,2,83,93,180,300,1,5
84,1,102,1,1,3,2,78,50,180,300,1,5
85,1,105,1,1,3,2,81,49,180,300,5,5
86,1,108,1,1,3,2,70,43,180,300,1,5
87,1,121,1,1,3,2,87,50,180,300,1,5
88,1,124,1,1,3,2,83,90,180,300,5,5
89,1,129,1,1,3,2,85,96,180,300,2,5
90,1,130,1,1,3,2,78,50,180,300,1,5
91,1,140,1,2,3,2,95,70,540,660,1,5
92,1,141,1,1,3,2,86,92,180,300,1,5
93,1,144,1,2,3,2,84,51,660,780,1,5
94,1,150,1,1,3,2,80,65,180,300,1,5
95,1,155,1,1,3,2,75,49,180,300,1,5
96,1,186,1,2,3,2,96,58,300,420,1,5
97,1,209,1,2,3,2,72,30,300,420,1,5
98,1,209,1,2,3,2,72,30,300,420,1,5
99,1,209,1,2,3,2,72,30,300,420,1,5
100,1,209,1,2,3,2,72,30,300,420,1,5
101,1,218,1,2,3,2,87,37,540,660,1,5
102,1,246,1,2,3,2,72,33,300,420,1,5
103,1,267,1,2,3,2,73,47,660,780,1,5
104,1,270,1,2,3,2,74,70,480,780,10,5
105,1,272,1,2,3,2,79,94,300,420,5,5
106,1,321,1,2,3,2,83,91,420,540,3,5
107,1,359,1,2,3,2,70,78,420,540,1,5
108,1,361,1,2,3,2,76,79,540,660,1,5
109,1,402,1,2,3,2,83,88,420,540,1,5
110,1,433,1,2,3,2,84,97,540,660,1,5
111,1,460,1,2,3,2,75,9,540,660,1,5
112,1,461,1,2,3,2,78,47,540,660,1,5
113,1,537,1,2,3,2,86,86,540,660,1,5
114,1,542,1,2,3,2,86,86,660,780,1,5
115,1,545,1,2,3,2,82,43,660,780,2,5
116,1,548,1,2,3,2,78,79,660,780,1,5
117,1,557,1,2,3,2,85,92,660,780,1,5
118,1,586,1,2,3,2,81,49,660,780,1,5
119,1,593,1,2,3,2,100,79,660,780,1,5
120,1,613,1,2,3,2,78,44,660,780,5,5
121,1,639,1,2,3,2,98,68,660,780,1,5
122,1,643,1,2,3,2,90,65,660,780,3,5
123,1,649,1,2,3,2,81,49,660,780,1,5
124,1,542,2,1,3,2,93,38,60,180,1,5
125,1,601,2,2,3,2,79,71,660,780,1,5
126,1,660,2,1,3,2,72,63,60,180,2,5
127,1,660,2,1,3,2,75,72,60,180,1,5
128,1,660,2,1,3,2,82,44,60,180,2,5
129,1,660,2,1,3,2,79,79,60,180,2,5
130,1,660,2,1,3,2,83,94,60,180,1,5
131,1,660,2,1,3,2,77,78,60,180,1,5
132,1,660,2,1,3,2,87,53,180,300,1,5
133,1,660,2,1,3,2,98,85,60,180,1,5
134,1,660,2,1,3,2,82,84,180,300,5,5
135,1,660,2,1,3,2,85,51,180,300,4,5
136,1,660,2,1,3,2,82,48,60,180,1,5
137,1,660,2,1,3,2,79,42,60,180,5,5
138,1,660,2,1,3,2,83,95,180,300,1,5
139,1,660,2,1,3,2,80,93,60,180,2,5
140,1,660,2,1,3,2,82,81,60,180,2,5
141,1,660,2,1,3,2,95,69,180,300,1,5
142,2,0,2,1,3,2,97,76,60,180,1,5
143,2,0,2,1,3,2,97,76,60,180,1,5
144,2,0,2,1,3,2,72,29,60,180,1,5
145,2,0,2,1,3,2,78,30,60,180,1,5
146,2,0,2,1,3,2,72,46,180,300,1,5
147,2,0,2,1,3,2,87,51,60,180,1,5
148,2,7,2,1,3,2,83,97,60,180,5,5
149,2,32,2,2,3,2,74,70,480,780,10,5
150,2,46,2,1,3,2,76,17,180,300,1,5
151,2,59,2,1,3,2,82,40,60,180,2,5
152,2,64,2,1,3,2,78,8,180,300,1,5
153,2,73,2,1,3,2,85,2,180,300,1,5
154,2,80,2,1,3,2,95,62,180,300,1,5
155,2,82,2,1,3,2,85,31,180,300,2,5
156,2,84,2,1,3,2,71,73,180,300,1,5
157,2,88,2,1,3,2,88,65,180,300,1,5
158,2,105,2,1,3,2,71,59,180,300,1,5
159,2,111,2,1,3,2,75,3,180,300,2,5
160,2,118,2,1,3,2,94,79,180,300,2,5
161,2,122,2,1,3,2,94,79,180,300,1,5
162,2,132,2,1,3,2,84,95,180,300,1,5
163,2,133,2,1,3,2,80,69,180,300,5,5
164,2,146,2,1,3,2,73,78,180,300,4,5
165,2,182,2,2,3,2,78,44,300,420,3,5
166,2,184,2,2,3,2,91,37,300,420,1,5
167,2,217,2,2,3,2,74,72,300,420,1,5
168,2,230,2,2,3,2,72,69,660,780,1,5
169,2,234,2,2,3,2,76,57,300,420,1,5
170,2,238,2,2,3,2,80,69,300,420,2,5
171,2,250,2,2,3,2,78,42,300,420,2,5
172,2,265,2,2,3,2,95,79,660,780,1,5
173,2,300,2,2,3,2,79,88,300,420,1,5
174,2,414,2,2,3,2,83,88,420,540,1,5
175,2,431,2,2,3,2,85,92,540,660,5,5
176,2,438,2,2,3,2,91,34,540,660,1,5
177,2,463,2,2,3,2,84,50,540,660,1,5
178,2,466,2,2,3,2,85,79,540,660,2,5
179,2,482,2,2,3,2,88,44,660,780,1,5
180,2,495,2,2,3,2,100,79,540,660,1,5
181,2,520,2,2,3,2,74,77,660,780,3,5
182,2,582,2,2,3,2,81,99,660,780,2,5
183,2,599,2,2,3,2,85,97,660,780,1,5
184,1,118,2,1,3,1,53,43,180,300,2,5
185,1,556,2,1,3,1,87,60,180,300,1,5
186,1,598,2,1,3,1,52,23,60,180,1,5
187,1,620,2,1,3,1,60,37,60,180,1,5
188,1,660,2,1,3,1,63,34,60,180,1,5
189,1,660,2,1,3,1,63,76,60,180,1,5
190,1,660,2,1,3,1,11,51,180,300,5,5
191,1,660,2,1,3,1,73,49,180,300,1,5
192,1,660,2,1,3,1,52,47,180,300,1,5
193,1,660,2,1,3,1,18,16,60,180,1,5
194,1,660,2,1,3,1,53,36,60,180,1,5
195,1,660,2,1,3,1,57,15,60,180,2,5
196,1,660,2,1,3,1,73,61,60,180,2,5
197,1,660,2,1,3,1,73,61,60,180,2,5
198,1,660,2,1,3,1,84,35,60,180,3,5
199,1,660,2,1,3,1,94,51,60,180,1,5
200,1,660,2,1,3,1,52,23,60,180,1,5
201,1,660,2,1,3,1,52,40,60,180,1,5
202,1,660,2,1,3,1,52,23,60,180,1,5
203,1,660,2,1,3,1,52,23,60,180,1,5
204,1,660,2,2,3,1,57,24,420,540,3,5
205,1,660,2,1,3,1,86,59,60,180,5,5
206,1,660,2,1,3,1,50,41,180,300,1,5
207,2,0,2,1,3,1,71,73,180,300,1,5
208,2,0,2,1,3,1,71,73,180,300,1,5
209,2,0,2,1,3,1,71,73,180,300,1,5
210,2,0,2,1,3,1,71,73,180,300,1,5
211,2,0,2,1,3,1,59,15,60,180,1,5
212,2,0,2,1,3,1,59,15,60,180,1,5
213,2,0,2,1,3,1,70,46,60,180,1,5
214,2,0,2,1,3,1,91,29,180,300,2,5
215,2,0,2,1,3,1,45,66,60,180,1,5
216,2,0,2,1,3,1,37,74,60,180,2,5
217,2,0,2,1,3,1,70,72,60,180,1,5
218,2,0,2,1,3,1,70,72,60,180,1,5
219,2,0,2,1,3,1,97,56,60,180,1,5
220,2,0,2,2,3,1,56,27,180,300,4,5
221,2,7,2,1,3,1,78,60,180,300,1,5
222,2,13,2,1,3,1,49,59,60,180,1,5
223,2,26,2,1,3,1,51,48,60,180,1,5
224,2,46,2,1,3,1,50,65,180,300,1,5
225,2,48,2,1,3,1,52,38,60,180,1,5
226,2,53,2,1,3,1,64,29,60,180,1,5
227,2,56,2,1,3,1,52,38,60,180,1,5
228,2,56,2,1,3,1,66,47,180,300,5,5
229,2,57,2,1,3,1,52,38,60,180,1,5
230,2,58,2,1,3,1,66,47,180,300,2,5
231,2,61,2,1,3,1,52,38,180,300,1,5
232,2,63,2,1,3,1,61,51,180,300,2,5
233,2,66,2,1,3,1,52,38,180,300,1,5
234,2,96,2,1,3,1,63,18,180,300,1,5
235,2,101,2,1,3,1,92,54,180,300,1,5
236,2,104,2,1,3,1,81,69,180,300,1,5
237,2,112,2,1,3,1,38,63,180,300,1,5
238,2,117,2,1,3,1,87,60,180,300,5,5
239,2,120,2,1,3,1,71,71,180,300,1,5
240,2,123,2,1,3,1,40,46,180,300,1,5
241,2,125,2,1,3,1,68,40,180,300,5,5
242,2,136,2,1,3,1,4,57,180,300,5,5
243,2,155,2,1,3,1,49,28,180,300,1,5
244,2,156,2,1,3,1,24,82,180,300,1,5
245,2,157,2,1,3,1,65,30,180,300,5,5
246,2,160,2,1,3,1,44,31,180,300,2,5
247,2,167,2,1,3,1,59,15,180,300,1,5
248,2,185,2,2,3,1,43,23,300,420,3,5
249,2,199,2,2,3,1,56,30,300,420,1,5
250,2,227,2,1,3,1,75,35,420,540,1,5
251,2,227,2,1,3,1,75,35,420,540,1,5
252,2,227,2,2,3,1,58,23,300,420,1,5
253,2,251,2,2,3,1,64,29,300,420,1,5
254,2,252,2,2,3,1,74,74,300,420,1,5
255,2,265,2,2,3,1,49,28,300,420,2,5
256,2,266,2,2,3,1,75,62,660,780,1,5
257,2,360,2,2,3,1,59,24,420,540,1,5
258,2,362,2,2,3,1,87,36,420,540,1,5
259,2,398,2,2,3,1,89,39,420,540,3,5
260,2,401,2,2,3,1,87,35,420,540,1,5
261,2,406,2,2,3,1,63,25,420,540,1,5
262,2,409,2,2,3,1,54,34,420,540,1,5
263,2,412,2,2,3,1,66,52,420,540,1,5
264,2,460,2,2,3,1,42,27,540,660,1,5
265,2,491,2,2,3,1,41,30,540,660,2,5
266,2,525,2,2,3,1,77,32,540,660,2,5
267,2,526,2,2,3,1,73,53,540,660,2,5
268,2,526,2,2,3,1,73,53,540,660,2,5
269,2,526,2,2,3,1,65,59,660,780,1,5
270,2,570,2,2,3,1,36,68,660,780,1,5
271,2,602,2,2,3,1,63,25,660,780,2,5
272,2,612,2,2,3,1,39,68,660,780,1,5
273,2,623,2,2,3,1,66,43,660,780,1,5
274,2,625,2,2,3,1,62,35,660,780,3,5
275,2,629,2,2,3,1,62,35,660,780,3,5
276,2,641,2,2,3,1,64,15,660,780,1,5
277,2,659,2,2,3,1,48,1,660,780,2,5
278,2,343,3,1,3,1,59,49,60,180,1,5
279,2,423,3,1,3,1,50,59,180,300,1,5
280,2,601,3,1,3,1,53,21,60,180,1,5
281,2,615,3,1,3,1,15,24,60,180,1,5
282,2,660,3,1,3,1,39,74,60,180,1,5
283,2,660,3,1,3,1,63,49,60,180,1,5
284,2,660,3,1,3,1,63,49,60,180,3,5
285,2,660,3,1,3,1,67,43,180,300,1,5
286,2,660,3,1,3,1,51,42,60,180,1,5
287,2,660,3,1,3,1,57,20,180,300,1,5
288,2,660,3,1,3,1,67,25,60,180,1,5
289,2,660,3,1,3,1,89,58,60,180,1,5
290,2,660,3,1,3,1,50,57,60,180,1,5
291,2,660,3,1,3,1,91,28,60,180,1,5
292,2,660,3,1,3,1,21,23,60,180,1,5
293,2,660,3,1,3,1,67,50,60,180,1,5
294,2,660,3,1,3,1,75,35,180,300,2,5
295,2,660,3,1,3,1,77,50,60,180,1,5
296,2,660,3,1,3,1,69,50,180,300,1,5
297,2,660,3,1,3,1,69,50,180,300,2,5
298,2,660,3,1,3,1,69,50,180,300,2,5
299,3,0,3,1,3,1,16,31,60,180,1,5
300,3,0,3,1,3,1,91,29,180,300,1,5
301,3,0,3,1,3,1,91,29,180,300,1,5
302,3,0,3,1,3,1,37,74,60,180,1,5
303,3,0,3,1,3,1,79,34,60,180,2,5
304,3,19,3,1,3,1,59,43,60,180,1,5
305,3,47,3,1,3,1,59,18,60,180,1,5
306,3,64,3,1,3,1,49,22,180,300,1,5
307,3,68,3,1,3,1,49,22,180,300,1,5
308,3,73,3,1,3,1,66,25,180,300,1,5
309,3,78,3,1,3,1,75,55,180,300,2,5
310,3,78,3,1,3,1,75,55,180,300,2,5
311,3,95,3,1,3,1,60,25,180,300,1,5
312,3,98,3,1,3,1,52,38,180,300,1,5
313,3,99,3,1,3,1,52,38,180,300,1,5
314,3,105,3,1,3,1,64,42,180,300,3,5
315,3,108,3,1,3,1,64,42,180,300,1,5
316,3,116,3,1,3,1,52,38,180,300,1,5
317,3,124,3,1,3,1,11,51,180,300,1,5
318,3,124,3,1,3,1,53,23,180,300,3,5
319,3,125,3,1,3,1,54,39,180,300,1,5
320,3,127,3,1,3,1,60,35,180,300,1,5
321,3,135,3,1,3,1,96,59,180,300,5,5
322,3,136,3,1,3,1,66,41,180,300,1,5
323,3,138,3,1,3,1,41,22,180,300,3,5
324,3,140,3,1,3,1,57,22,180,300,4,5
325,3,151,3,1,3,1,94,57,180,300,1,5
326,3,151,3,1,3,1,44,31,180,300,3,5
327,3,155,3,1,3,1,91,40,180,300,1,5
328,3,157,3,1,3,1,91,40,180,300,1,5
329,3,159,3,1,3,1,91,40,180,300,1,5
330,3,167,3,1,3,1,0,51,180,300,5,5
331,3,168,3,1,3,1,55,60,180,300,1,5
332,3,170,3,1,3,1,0,51,180,300,5,5
333,3,171,3,1,3,1,47,34,180,300,2,5
334,3,174,3,1,3,1,59,31,180,300,1,5
335,3,178,3,1,3,1,54,36,180,300,1,5
336,3,191,3,2,3,1,71,35,300,420,1,5
337,3,195,3,1,3,1,40,38,180,300,1,5
338,3,199,3,2,3,1,65,25,300,420,1,5
339,3,260,3,2,3,1,55,60,300,420,1,5
340,3,263,3,2,3,1,45,0,300,420,1,5
341,3,293,3,1,3,1,75,35,420,540,1,5
342,3,323,3,2,3,1,46,62,420,540,1,5
343,3,392,3,2,3,1,54,43,420,540,1,5
344,3,394,3,2,3,1,87,58,420,540,5,5
345,3,402,3,2,3,1,48,18,420,540,1,5
346,3,405,3,2,3,1,64,29,540,660,4,5
347,3,420,3,2,3,1,57,31,540,660,1,5
348,3,428,3,2,3,1,57,31,540,660,1,5
349,3,430,3,2,3,1,57,31,540,660,1,5
350,3,439,3,2,3,1,96,55,540,660,5,5
351,3,440,3,2,3,1,57,31,540,660,1,5
352,3,449,3,2,3,1,57,31,540,660,1,5
353,3,459,3,2,3,1,50,42,660,780,1,5
354,3,471,3,2,3,1,57,31,540,660,1,5
355,3,486,3,2,3,1,42,70,660,780,1,5
356,3,507,3,2,3,1,83,38,660,780,1,5
357,3,515,3,2,3,1,96,59,660,780,1,5
358,3,519,3,2,3,1,65,61,540,660,3,5
359,3,519,3,2,3,1,65,62,540,660,3,5
360,3,522,3,2,3,1,94,57,540,660,1,5
361,3,537,3,2,3,1,89,34,540,660,1,5
362,3,538,3,2,3,1,89,47,660,780,5,5
363,3,539,3,2,3,1,73,57,540,660,3,5
364,3,541,3,2,3,1,89,47,660,780,5,5
365,3,559,3,2,3,1,87,79,660,780,1,5
366,3,568,3,2,3,1,59,31,660,780,1,5
367,3,571,3,2,3,1,68,39,660,780,2,5
368,3,577,3,2,3,1,55,60,660,780,1,5
369,3,577,3,2,3,1,55,60,660,780,1,5
370,3,577,3,2,3,1,55,60,660,780,1,5
371,3,579,3,2,3,1,61,24,660,780,1,5
372,3,581,3,2,3,1,94,57,660,780,1,5
373,3,603,3,2,3,1,77,35,660,780,1,5
374,3,605,3,2,3,1,89,34,660,780,1,5
375,3,608,3,2,3,1,89,34,660,780,1,5
376,3,639,3,2,3,1,59,33,660,780,1,5
377,3,643,3,2,3,1,81,70,660,780,2,5
378,3,657,3,2,3,1,22,80,660,780,1,5
379,1,191,3,2,3,2,83,66,300,420,1,5
380,1,341,3,2,3,2,83,66,300,420,1,5
381,2,393,3,1,3,2,79,93,180,300,1,5
382,2,420,3,1,3,2,84,96,60,180,1,5
383,2,420,3,1,3,2,100,77,60,180,1,5
384,2,596,3,1,3,2,87,87,180,300,1,5
385,2,660,3,1,3,2,76,48,60,180,1,5
386,2,660,3,1,3,2,87,87,60,180,1,5
387,2,660,3,1,3,2,85,97,60,180,1,5
388,2,660,3,1,3,2,74,69,60,180,2,5
389,2,660,3,1,3,2,80,67,120,420,6,5
390,2,660,3,1,3,2,80,82,180,300,1,5
391,2,660,3,1,3,2,94,70,180,300,1,5
392,2,660,3,1,3,2,81,40,180,300,1,5
393,2,660,3,1,3,2,94,70,180,300,1,5
394,2,660,3,1,3,2,81,85,180,300,2,5
395,2,660,3,1,3,2,74,74,60,180,3,5
396,3,0,3,2,3,2,97,67,180,300,1,5
397,3,0,3,1,3,2,89,57,60,180,2,5
398,3,0,3,1,3,2,78,39,60,180,1,5
399,3,0,3,1,3,2,85,92,180,300,1,5
400,3,0,3,1,3,2,78,65,180,300,1,5
401,3,0,3,1,3,2,74,70,60,180,2,5
402,3,24,3,1,3,2,81,90,60,180,1,5
403,3,37,3,1,3,2,70,78,60,180,1,5
404,3,40,3,1,3,2,72,28,60,180,1,5
405,3,40,3,1,3,2,85,90,180,300,1,5
406,3,47,3,1,3,2,76,51,180,300,1,5
407,3,56,3,1,3,2,76,50,180,300,1,5
408,3,66,3,1,3,2,85,85,180,300,1,5
409,3,85,3,1,3,2,86,31,180,300,1,5
410,3,93,3,1,3,2,79,55,180,300,1,5
411,3,95,3,1,3,2,90,43,180,300,1,5
412,3,110,3,2,3,2,83,66,300,420,1,5
413,3,117,3,1,3,2,74,53,180,300,1,5
414,3,122,3,2,3,2,83,66,300,420,1,5
415,3,125,3,1,3,2,81,82,180,300,5,5
416,3,147,3,1,3,2,70,77,180,300,1,5
417,3,160,3,2,3,2,69,79,540,660,1,5
418,3,179,3,2,3,2,83,66,300,420,1,5
419,3,180,3,1,3,2,81,50,180,300,1,5
420,3,193,3,2,3,2,93,54,300,420,4,5
421,3,194,3,2,3,2,83,66,300,420,1,5
422,3,212,3,2,3,2,85,77,300,420,1,5
423,3,244,3,2,3,2,75,62,300,420,1,5
424,3,251,3,2,3,2,83,37,300,420,1,5
425,3,274,3,2,3,2,81,49,300,420,1,5
426,3,313,3,2,3,2,81,41,420,540,1,5
427,3,326,3,2,3,2,82,81,420,540,1,5
428,3,332,3,2,3,2,70,79,420,540,3,5
429,3,374,3,2,3,2,88,33,420,540,2,5
430,3,374,3,2,3,2,88,33,420,540,2,5
431,3,374,3,2,3,2,88,33,420,540,2,5
432,3,374,3,2,3,2,88,33,420,540,2,5
433,3,402,3,2,3,2,76,49,660,780,1,5
434,3,403,3,2,3,2,78,66,420,540,1,5
435,3,407,3,2,3,2,82,96,420,540,4,5
436,3,428,3,2,3,2,81,49,540,660,1,5
437,3,432,3,2,3,2,94,61,540,660,1,5
438,3,436,3,2,3,2,77,77,540,660,1,5
439,3,441,3,2,3,2,85,92,540,660,5,5
440,3,483,3,2,3,2,83,88,540,660,1,5
441,3,514,3,2,3,2,74,45,540,660,1,5
442,3,535,3,2,3,2,99,75,540,660,1,5
443,3,540,3,2,3,2,76,80,660,780,1,5
444,3,542,3,2,3,2,81,41,660,780,1,5
445,3,552,3,2,3,2,71,41,660,780,5,5
446,3,566,3,2,3,2,80,85,660,780,1,5
447,3,580,3,2,3,2,77,15,660,780,1,5
448,3,586,3,2,3,2,79,95,660,780,2,5
449,3,586,3,2,3,2,79,95,660,780,2,5
450,3,586,3,2,3,2,79,95,660,780,2,5
451,3,594,3,2,3,2,84,84,660,780,1,5
452,3,602,3,2,3,2,87,87,660,780,1,5
453,3,604,3,2,3,2,100,71,660,780,1,5
454,3,617,3,2,3,2,72,71,660,780,2,5
455,3,633,3,2,3,2,85,87,660,780,1,5
456,3,314,4,2,3,2,83,66,300,420,1,5
457,3,380,4,2,3,2,83,66,300,420,1,5
458,3,386,4,2,3,2,83,66,300,420,1,5
459,3,660,4,1,3,2,83,97,60,180,1,5
460,3,660,4,1,3,2,96,63,60,180,1,5
461,3,660,4,1,3,2,69,71,60,180,1,5
462,3,660,4,1,3,2,83,91,60,180,1,5
463,3,660,4,1,3,2,73,46,60,180,1,5
464,3,660,4,1,3,2,84,84,180,300,1,5
465,3,660,4,2,3,2,82,83,540,660,1,5
466,3,660,4,1,3,2,89,51,60,180,1,5
467,3,660,4,1,3,2,69,77,60,180,1,5
468,3,660,4,1,3,2,82,55,180,300,3,5
469,3,660,4,1,3,2,97,76,60,180,1,5
470,4,0,4,1,3,2,77,53,60,180,1,5
471,4,0,4,1,3,2,82,42,60,180,1,5
472,4,0,4,1,3,2,81,40,60,180,1,5
473,4,0,4,1,3,2,94,64,60,180,1,5
474,4,0,4,1,3,2,74,75,60,180,1,5
475,4,0,4,1,3,2,98,78,60,180,1,5
476,4,0,4,1,3,2,98,78,60,180,1,5
477,4,0,4,1,3,2,98,78,60,180,1,5
478,4,0,4,1,3,2,98,78,60,180,1,5
479,4,0,4,1,3,2,80,59,60,180,1,5
480,4,0,4,1,3,2,98,78,60,180,1,5
481,4,36,4,1,3,2,69,71,180,300,3,5
482,4,39,4,1,3,2,81,50,180,300,2,5
483,4,43,4,1,3,2,77,47,180,300,3,5
484,4,54,4,1,3,2,83,95,60,180,1,5
485,4,89,4,1,3,2,82,55,180,300,3,5
486,4,94,4,1,3,2,84,67,180,300,1,5
487,4,105,4,1,3,2,88,64,180,300,1,5
488,4,106,4,1,3,2,83,97,180,300,2,5
489,4,123,4,1,3,2,74,53,180,300,1,5
490,4,139,4,1,3,2,92,82,180,300,1,5
491,4,142,4,1,3,2,70,73,180,300,1,5
492,4,143,4,1,3,2,77,78,180,300,4,5
493,4,151,4,1,3,2,69,60,180,300,2,5
494,4,152,4,1,3,2,72,46,180,300,2,5
495,4,171,4,1,3,2,83,90,180,300,1,5
496,4,172,4,1,3,2,80,80,180,300,1,5
497,4,179,4,1,3,2,73,83,180,300,5,5
498,4,202,4,2,3,2,75,81,420,540,2,5
499,4,217,4,2,3,2,78,43,300,420,1,5
500,4,217,4,2,3,2,88,33,300,420,2,5
501,4,217,4,2,3,2,88,33,300,420,2,5
502,4,217,4,2,3,2,88,33,300,420,2,5
503,4,219,4,2,3,2,96,74,300,420,1,5
504,4,243,4,2,3,2,91,65,300,420,4,5
505,4,259,4,2,3,2,77,54,300,420,5,5
506,4,272,4,2,3,2,85,78,540,660,2,5
507,4,273,4,2,3,2,99,88,300,420,3,5
508,4,278,4,2,3,2,94,61,540,660,1,5
509,4,289,4,2,3,2,83,66,300,420,1,5
510,4,294,4,2,3,2,83,66,300,420,1,5
511,4,328,4,2,3,2,84,80,420,540,1,5
512,4,357,4,2,3,2,82,44,420,540,5,5
513,4,389,4,2,3,2,80,67,660,780,3,5
514,4,403,4,2,3,2,72,60,540,660,1,5
515,4,449,4,2,3,2,73,81,540,660,1,5
516,4,507,4,2,3,2,84,97,540,660,2,5
517,4,510,4,2,3,2,78,47,540,660,2,5
518,4,518,4,2,3,2,87,50,540,660,1,5
519,4,523,4,2,3,2,84,88,540,660,1,5
520,4,553,4,2,3,2,85,49,660,780,4,5
521,4,565,4,2,3,2,84,97,660,780,1,5
522,4,565,4,2,3,2,71,56,660,780,1,5
523,4,618,4,2,3,2,85,89,660,780,2,5
524,4,647,4,2,3,2,83,78,660,780,1,5
525,3,322,4,1,3,1,75,49,60,180,3,5
526,3,328,4,1,3,1,61,39,180,300,1,5
527,3,332,4,1,3,1,61,39,180,300,1,5
528,3,434,4,1,3,1,81,70,180,300,1,5
529,3,593,4,2,3,1,44,31,420,540,5,5
530,3,596,4,1,3,1,88,61,60,180,1,5
531,3,660,4,1,3,1,52,33,60,180,1,5
532,3,660,4,1,3,1,46,21,180,300,1,5
533,3,660,4,1,3,1,43,22,180,300,1,5
534,3,660,4,1,3,1,86,38,60,180,1,5
535,3,660,4,1,3,1,43,20,180,300,2,5
536,3,660,4,1,3,1,75,55,180,300,2,5
537,3,660,4,1,3,1,97,53,60,180,2,5
538,3,660,4,1,3,1,51,37,60,180,2,5
539,3,660,4,2,3,1,37,34,660,780,1,5
540,3,660,4,2,3,1,37,34,660,780,1,5
541,4,0,4,1,3,1,67,44,180,300,3,5
542,4,0,4,1,3,1,56,60,60,180,1,5
543,4,0,4,1,3,1,48,16,60,180,1,5
544,4,0,4,1,3,1,50,42,180,300,1,5
545,4,0,4,1,3,1,32,15,180,300,1,5
546,4,0,4,1,3,1,45,66,60,180,1,5
547,4,0,4,1,3,1,90,30,180,300,1,5
548,4,20,4,1,3,1,90,30,180,300,1,5
549,4,29,4,1,3,1,40,26,60,180,1,5
550,4,34,4,1,3,1,65,32,60,180,1,5
551,4,44,4,1,3,1,65,32,60,180,1,5
552,4,55,4,1,3,1,63,28,180,300,4,5
553,4,60,4,1,3,1,62,34,60,180,1,5
554,4,66,4,1,3,1,55,32,180,300,2,5
555,4,66,4,1,3,1,51,65,180,300,1,5
556,4,67,4,1,3,1,59,50,180,300,1,5
557,4,69,4,1,3,1,68,58,180,300,1,5
558,4,74,4,1,3,1,59,18,180,300,2,5
559,4,77,4,1,3,1,55,32,180,300,2,5
560,4,77,4,1,3,1,60,15,180,300,3,5
561,4,79,4,1,3,1,37,73,180,300,1,5
562,4,80,4,1,3,1,88,100,180,300,1,5
563,4,95,4,1,3,1,35,71,180,300,1,5
564,4,103,4,1,3,1,59,31,180,300,1,5
565,4,106,4,1,3,1,65,16,180,300,1,5
566,4,107,4,1,3,1,59,31,180,300,1,5
567,4,119,4,1,3,1,79,34,180,300,1,5
568,4,120,4,1,3,1,56,60,180,300,1,5
569,4,125,4,1,3,1,46,34,180,300,4,5
570,4,130,4,1,3,1,41,22,180,300,5,5
571,4,159,4,1,3,1,75,48,180,300,3,5
572,4,160,4,2,3,1,37,34,660,780,1,5
573,4,161,4,1,3,1,91,40,180,300,5,5
574,4,164,4,1,3,1,55,60,180,300,1,5
575,4,164,4,1,3,1,55,60,180,300,2,5
576,4,170,4,2,3,1,37,34,660,780,1,5
577,4,175,4,1,3,1,89,60,180,300,1,5
578,4,192,4,2,3,1,48,16,660,780,3,5
579,4,199,4,2,3,1,94,54,660,780,1,5
580,4,205,4,2,3,1,64,45,300,420,2,5
581,4,206,4,2,3,1,94,53,300,420,3,5
582,4,220,4,2,3,1,89,47,300,420,1,5
583,4,245,4,2,3,1,92,28,300,420,1,5
584,4,258,4,2,3,1,56,66,300,420,1,5
585,4,260,4,2,3,1,79,34,300,420,1,5
586,4,263,4,2,3,1,33,45,480,780,10,5
587,4,270,4,2,3,1,77,56,660,780,1,5
588,4,274,4,2,3,1,94,53,300,420,3,5
589,4,277,4,2,3,1,7,62,300,420,5,5
590,4,279,4,2,3,1,59,50,300,420,1,5
591,4,294,4,2,3,1,98,51,300,420,1,5
592,4,304,4,2,3,1,94,53,420,540,2,5
593,4,378,4,2,3,1,89,47,540,660,5,5
594,4,378,4,2,3,1,89,47,540,660,5,5
595,4,449,4,2,3,1,51,58,540,660,5,5
596,4,456,4,2,3,1,75,55,660,780,2,5
597,4,459,4,2,3,1,67,27,540,660,5,5
598,4,471,4,2,3,1,65,86,540,660,1,5
599,4,492,4,2,3,1,15,47,540,660,2,5
600,4,499,4,2,3,1,94,57,540,660,1,5
601,4,499,4,2,3,1,94,57,540,660,1,5
602,4,529,4,2,3,1,68,57,540,660,1,5
603,4,552,4,2,3,1,68,57,660,780,2,5
604,4,557,4,2,3,1,86,57,660,780,1,5
605,4,562,4,2,3,1,88,77,660,780,1,5
606,4,565,4,2,3,1,57,37,660,780,1,5
607,4,567,4,2,3,1,54,36,660,780,3,5
608,4,571,4,2,3,1,89,34,660,780,1,5
609,4,573,4,2,3,1,89,34,660,780,1,5
610,4,574,4,2,3,1,89,34,660,780,1,5
611,4,584,4,2,3,1,55,60,660,780,1,5
612,4,587,4,2,3,1,63,47,660,780,2,5
613,4,594,4,2,3,1,39,21,660,780,1,5
614,4,604,4,2,3,1,60,37,660,780,2,5
615,4,609,4,2,3,1,53,41,660,780,1,5
616,4,614,4,2,3,1,60,37,660,780,1,5
617,4,620,4,2,3,1,55,28,660,780,1,5
618,4,626,4,2,3,1,51,47,660,780,1,5
619,4,635,4,2,3,1,11,51,660,780,5,5
620,4,643,4,2,3,1,65,52,660,780,1,5
621,4,645,4,2,3,1,79,34,660,780,1,5
622,4,647,4,2,3,1,44,88,660,780,1,5
623,4,648,4,2,3,1,63,25,660,780,2,5
624,4,649,4,2,3,1,8,57,660,780,5,5
625,4,649,4,2,3,1,11,51,660,780,1,5
626,4,650,4,2,3,1,11,51,660,780,1,5
627,4,651,4,2,3,1,11,51,660,780,1,5
628,4,659,4,2,3,1,63,25,660,780,1,5
629,4,296,5,1,3,1,67,25,180,300,1,5
630,4,346,5,1,3,1,59,18,60,180,2,5
631,4,465,5,1,3,1,59,18,60,180,4,5
632,4,472,5,1,3,1,59,49,60,180,1,5
633,4,498,5,1,3,1,68,42,60,180,3,5
634,4,530,5,1,3,1,59,49,60,180,4,5
635,4,649,5,1,3,1,96,56,120,420,10,5
636,4,660,5,1,3,1,55,60,60,180,1,5
637,4,660,5,1,3,1,63,25,180,300,2,5
638,4,660,5,1,3,1,60,24,60,180,1,5
639,4,660,5,1,3,1,54,64,60,180,1,5
640,4,660,5,1,3,1,58,60,180,300,1,5
641,4,660,5,1,3,1,75,55,180,300,3,5
642,4,660,5,1,3,1,64,63,60,180,1,5
643,4,660,5,1,3,1,50,42,60,180,2,5
644,4,660,5,1,3,1,59,25,60,180,3,5
645,4,660,5,1,3,1,59,18,60,180,1,5
646,4,660,5,1,3,1,92,42,60,180,5,5
647,4,660,5,1,3,1,66,43,60,180,4,5
648,4,660,5,1,3,1,16,31,60,180,1,5
649,4,660,5,1,3,1,60,16,180,300,1,5
650,4,660,5,1,3,1,90,37,60,180,1,5
651,4,660,5,1,3,1,16,31,60,180,1,5
652,4,660,5,1,3,1,52,23,180,300,2,5
653,4,660,5,1,3,1,67,40,60,180,1,5
654,4,660,5,1,3,1,46,65,180,300,2,5
655,4,660,5,1,3,1,68,65,180,300,1,5
656,4,660,5,1,3,1,52,23,180,300,2,5
657,4,660,5,1,3,1,68,65,180,300,1,5
658,4,660,5,1,3,1,69,50,180,300,2,5
659,4,660,5,1,3,1,69,50,180,300,2,5
660,4,660,5,1,3,1,68,65,180,300,1,5
661,4,660,5,1,3,1,54,66,60,180,1,5
662,4,660,5,1,3,1,80,69,60,180,1,5
663,4,660,5,1,3,1,63,78,60,180,1,5
664,5,0,5,1,3,1,63,78,60,180,1,5
665,5,0,5,1,3,1,62,28,180,300,1,5
666,5,0,5,1,3,1,49,28,60,180,1,5
667,5,0,5,1,3,1,87,40,60,180,1,5
668,5,0,5,1,3,1,90,46,60,180,3,5
669,5,5,5,1,3,1,8,57,180,300,5,5
670,5,35,5,1,3,1,86,58,60,180,5,5
671,5,44,5,1,3,1,44,31,60,180,1,5
672,5,59,5,1,3,1,60,30,60,180,1,5
673,5,97,5,1,3,1,63,25,180,300,2,5
674,5,107,5,1,3,1,74,74,180,300,1,5
675,5,108,5,1,3,1,82,63,180,300,1,5
676,5,113,5,1,3,1,60,39,180,300,1,5
677,5,124,5,1,3,1,80,53,180,300,1,5
678,5,131,5,1,3,1,46,34,180,300,2,5
679,5,148,5,1,3,1,67,40,180,300,5,5
680,5,151,5,1,3,1,73,57,180,300,2,5
681,5,156,5,1,3,1,85,58,180,300,1,5
682,5,166,5,1,3,1,79,34,180,300,1,5
683,5,183,5,2,3,1,85,58,300,420,1,5
684,5,188,5,2,3,1,89,34,300,420,1,5
685,5,195,5,2,3,1,50,69,300,420,1,5
686,5,204,5,2,3,1,89,34,300,420,1,5
687,5,215,5,1,3,1,75,35,420,540,1,5
688,5,226,5,2,3,1,72,72,300,420,1,5
689,5,249,5,2,3,1,79,34,300,420,1,5
690,5,265,5,2,3,1,67,40,300,420,5,5
691,5,267,5,2,3,1,85,58,300,420,1,5
692,5,278,5,2,3,1,85,58,300,420,1,5
693,5,279,5,2,3,1,80,69,300,420,1,5
694,5,295,5,2,3,1,67,40,300,420,5,5
695,5,303,5,2,3,1,60,30,660,780,1,5
696,5,314,5,2,3,1,55,32,420,540,5,5
697,5,331,5,2,3,1,85,58,420,540,1,5
698,5,351,5,2,3,1,1,52,420,540,5,5
699,5,365,5,2,3,1,66,31,660,780,2,5
700,5,374,5,2,3,1,85,58,420,540,1,5
701,5,380,5,2,3,1,90,59,420,540,1,5
702,5,389,5,2,3,1,59,24,420,540,1,5
703,5,396,5,2,3,1,89,47,420,540,5,5
704,5,396,5,2,3,1,89,47,420,540,5,5
705,5,402,5,2,3,1,42,26,420,540,1,5
706,5,487,5,2,3,1,78,35,540,660,3,5
707,5,492,5,2,3,1,52,26,540,660,4,5
708,5,497,5,2,3,1,66,25,540,660,1,5
709,5,503,5,2,3,1,59,31,540,660,1,5
710,5,514,5,2,3,1,76,49,660,780,2,5
711,5,514,5,2,3,1,76,49,660,780,2,5
712,5,514,5,2,3,1,76,49,660,780,2,5
713,5,518,5,2,3,1,74,51,660,780,1,5
714,5,518,5,2,3,1,25,82,540,660,1,5
715,5,535,5,2,3,1,42,33,540,660,1,5
716,5,537,5,2,3,1,53,36,540,660,5,5
717,5,542,5,2,3,1,50,68,660,780,4,5
718,5,553,5,2,3,1,59,18,660,780,1,5
719,5,602,5,2,3,1,68,58,660,780,2,5
720,5,609,5,2,3,1,39,67,660,780,5,5
721,5,612,5,2,3,1,60,38,660,780,1,5
722,5,619,5,2,3,1,60,38,660,780,1,5
723,5,621,5,2,3,1,38,66,660,780,1,5
724,5,626,5,2,3,1,76,53,660,780,2,5
725,5,630,5,2,3,1,68,55,660,780,2,5
726,5,642,5,2,3,1,57,25,660,780,5,5
727,5,651,5,2,3,1,91,40,660,780,3,5
728,5,658,5,2,3,1,50,44,660,780,2,5
729,3,558,5,1,3,2,90,38,180,300,1,5
730,4,367,5,1,3,2,78,49,60,180,1,5
731,4,370,5,1,3,2,78,49,60,180,1,5
732,4,393,5,1,3,2,78,79,180,300,3,5
733,4,448,5,1,3,2,83,96,60,180,4,5
734,4,461,5,1,3,2,85,81,60,180,1,5
735,4,496,5,1,3,2,83,85,60,180,5,5
736,4,508,5,1,3,2,79,94,60,180,1,5
737,4,525,5,1,3,2,83,85,60,180,5,5
738,4,610,5,1,3,2,82,39,60,180,2,5
739,4,660,5,1,3,2,83,43,60,180,2,5
740,4,660,5,1,3,2,96,79,60,180,1,5
741,4,660,5,1,3,2,73,35,60,180,1,5
742,4,660,5,1,3,2,73,50,60,180,1,5
743,4,660,5,1,3,2,82,97,60,180,5,5
744,4,660,5,1,3,2,72,32,60,180,1,5
745,4,660,5,1,3,2,73,46,60,180,1,5
746,4,660,5,1,3,2,80,93,60,180,4,5
747,5,0,5,1,3,2,74,51,60,180,1,5
748,5,0,5,1,3,2,85,77,60,180,1,5
749,5,0,5,1,3,2,72,26,60,180,1,5
750,5,0,5,1,3,2,78,39,60,180,1,5
751,5,4,5,1,3,2,78,50,180,300,1,5
752,5,13,5,1,3,2,74,77,180,300,1,5
753,5,49,5,1,3,2,77,61,60,180,1,5
754,5,73,5,1,3,2,81,76,180,300,1,5
755,5,92,5,1,3,2,83,91,180,300,1,5
756,5,95,5,1,3,2,82,72,180,300,1,5
757,5,97,5,1,3,2,83,43,180,300,1,5
758,5,99,5,1,3,2,86,43,180,300,1,5
759,5,101,5,1,3,2,83,43,180,300,1,5
760,5,107,5,1,3,2,71,70,180,300,1,5
761,5,109,5,1,3,2,77,77,180,300,2,5
762,5,110,5,1,3,2,71,70,180,300,2,5
763,5,112,5,1,3,2,83,43,180,300,1,5
764,5,116,5,1,3,2,71,70,180,300,1,5
765,5,138,5,1,3,2,88,50,180,300,3,5
766,5,141,5,1,3,2,90,48,180,300,2,5
767,5,150,5,1,3,2,81,66,180,300,1,5
768,5,153,5,1,3,2,82,39,180,300,1,5
769,5,161,5,2,3,2,73,83,540,660,5,5
770,5,216,5,2,3,2,84,97,300,420,2,5
771,5,257,5,2,3,2,74,45,300,420,1,5
772,5,259,5,2,3,2,74,44,300,420,1,5
773,5,277,5,2,3,2,74,44,300,420,1,5
774,5,299,5,2,3,2,81,40,420,540,1,5
775,5,336,5,2,3,2,79,69,420,540,1,5
776,5,342,5,2,3,2,80,9,660,780,1,5
777,5,389,5,2,3,2,84,67,420,540,5,5
778,5,395,5,2,3,2,86,35,540,660,1,5
779,5,409,5,2,3,2,72,72,420,540,1,5
780,5,411,5,2,3,2,96,63,660,780,1,5
781,5,453,5,2,3,2,74,45,540,660,1,5
782,5,453,5,2,3,2,74,45,540,660,1,5
783,5,465,5,2,3,2,74,45,540,660,1,5
784,5,467,5,2,3,2,71,41,540,660,5,5
785,5,500,5,2,3,2,82,97,660,780,1,5
786,5,514,5,2,3,2,73,70,660,780,1,5
787,5,516,5,2,3,2,90,52,540,660,5,5
788,5,526,5,2,3,2,85,92,540,660,3,5
789,5,526,5,2,3,2,85,92,540,660,2,5
790,5,529,5,2,3,2,90,52,540,660,5,5
791,5,535,5,2,3,2,82,55,540,660,1,5
792,5,564,5,2,3,2,86,42,660,780,1,5
793,5,572,5,2,3,2,85,97,660,780,3,5
794,5,595,5,2,3,2,83,91,660,780,5,5
795,5,600,5,2,3,2,83,91,660,780,2,5
796,5,600,5,2,3,2,83,91,660,780,2,5
797,5,600,5,2,3,2,83,91,660,780,2,5
798,5,611,5,2,3,2,82,94,660,780,1,5
799,5,638,5,2,3,2,93,54,660,780,1,5
800,5,643,5,2,3,2,76,47,660,780,1,5
801,5,660,6,1,3,2,71,56,60,180,1,5
802,5,660,6,1,3,2,80,94,60,180,1,5
803,5,660,6,1,3,2,70,50,180,300,1,5
804,5,660,6,2,3,2,97,68,660,780,5,5
805,5,660,6,1,3,2,85,31,60,180,1,5
806,5,660,6,1,3,2,79,45,60,180,1,5
807,5,660,6,1,3,2,84,80,60,180,4,5
808,5,660,6,1,3,2,71,45,60,180,4,5
809,5,660,6,1,3,2,71,45,60,180,1,5
810,5,660,6,1,3,2,73,29,60,180,1,5
811,6,0,6,1,3,2,92,52,60,180,1,5
812,6,0,6,1,3,2,100,79,60,180,5,5
813,6,0,6,1,3,2,72,67,60,180,1,5
814,6,0,6,1,3,2,84,93,60,180,2,5
815,6,14,6,1,3,2,85,48,180,300,3,5
816,6,85,6,1,3,2,81,93,180,300,1,5
817,6,102,6,1,3,2,95,61,180,300,1,5
818,6,111,6,1,3,2,75,60,180,300,2,5
819,6,117,6,1,3,2,88,54,180,300,2,5
820,6,120,6,2,3,2,83,66,300,420,1,5
821,6,126,6,1,3,2,83,91,180,300,1,5
822,6,130,6,1,3,2,83,78,180,300,5,5
823,6,146,6,1,3,2,90,52,180,300,1,5
824,6,147,6,1,3,2,81,75,180,300,1,5
825,6,149,6,1,3,2,83,53,180,300,1,5
826,6,152,6,1,3,2,83,90,180,300,2,5
827,6,170,6,1,3,2,75,44,180,300,2,5
828,6,172,6,1,3,2,83,96,180,300,1,5
829,6,177,6,1,3,2,86,92,180,300,3,5
830,6,178,6,1,3,2,82,51,180,300,3,5
831,6,183,6,2,3,2,79,44,300,420,1,5
832,6,194,6,2,3,2,80,89,300,420,1,5
833,6,217,6,2,3,2,86,41,300,420,1,5
834,6,248,6,2,3,2,72,71,300,420,2,5
835,6,315,6,2,3,2,95,82,420,540,1,5
836,6,362,6,2,3,2,83,95,420,540,1,5
837,6,440,6,2,3,2,76,77,540,660,1,5
838,6,485,6,2,3,2,75,24,540,660,1,5
839,6,519,6,2,3,2,72,63,660,780,1,5
840,6,564,6,2,3,2,74,45,660,780,1,5
841,6,577,6,2,3,2,83,91,660,780,1,5
842,6,577,6,2,3,2,83,91,660,780,2,5
843,6,580,6,2,3,2,79,63,660,780,1,5
844,6,581,6,2,3,2,83,91,660,780,1,5
845,6,583,6,2,3,2,82,67,660,780,4,5
846,6,597,6,2,3,2,86,92,660,780,1,5
847,6,607,6,2,3,2,84,67,660,780,2,5
848,6,640,6,2,3,2,76,58,660,780,1,5
849,6,643,6,2,3,2,71,56,660,780,1,5
850,5,351,6,1,3,1,19,48,60,180,5,5
851,5,395,6,1,3,1,69,61,60,180,3,5
852,5,529,6,1,3,1,75,48,120,420,10,5
853,5,660,6,1,3,1,66,64,60,180,3,5
854,5,660,6,1,3,1,61,40,60,180,1,5
855,5,660,6,1,3,1,44,31,60,180,1,5
856,5,660,6,1,3,1,40,21,60,180,5,5
857,5,660,6,1,3,1,40,21,60,180,5,5
858,5,660,6,1,3,1,16,32,60,180,5,5
859,5,660,6,1,3,1,61,28,60,180,3,5
860,5,660,6,1,3,1,67,48,60,180,1,5
861,5,660,6,1,3,1,7,62,60,180,5,5
862,5,660,6,1,3,1,21,23,60,180,1,5
863,5,660,6,2,3,1,59,18,300,420,1,5
864,5,660,6,1,3,1,37,43,60,180,5,5
865,5,660,6,1,3,1,86,58,60,180,1,5
866,5,660,6,1,3,1,57,24,180,300,1,5
867,5,660,6,1,3,1,67,44,180,300,2,5
868,5,660,6,1,3,1,40,21,180,300,5,5
869,5,660,6,1,3,1,52,50,60,180,2,5
870,5,660,6,1,3,1,56,43,60,180,1,5
871,5,660,6,1,3,1,46,55,60,180,1,5
872,5,660,6,1,3,1,50,61,60,180,1,5
873,5,660,6,1,3,1,67,44,180,300,2,5
874,5,660,6,1,3,1,50,18,180,300,1,5
875,5,660,6,1,3,1,78,69,60,180,1,5
876,6,0,6,1,3,1,68,55,60,180,3,5
877,6,0,6,1,3,1,75,55,180,300,3,5
878,6,0,6,1,3,1,75,55,180,300,3,5
879,6,0,6,1,3,1,75,55,180,300,2,5
880,6,0,6,1,3,1,67,48,60,180,1,5
881,6,0,6,1,3,1,52,38,60,180,1,5
882,6,0,6,1,3,1,40,20,60,180,5,5
883,6,0,6,1,3,1,89,42,60,180,1,5
884,6,0,6,1,3,1,57,45,60,180,2,5
885,6,0,6,1,3,1,68,65,180,300,1,5
886,6,0,6,1,3,1,76,60,180,300,1,5
887,6,24,6,1,3,1,78,63,180,300,1,5
888,6,50,6,1,3,1,55,54,60,180,1,5
889,6,52,6,1,3,1,75,48,120,420,10,5
890,6,58,6,1,3,1,47,57,60,180,1,5
891,6,63,6,1,3,1,77,49,180,300,1,5
892,6,67,6,1,3,1,43,35,180,300,1,5
893,6,69,6,1,3,1,79,51,180,300,1,5
894,6,77,6,1,3,1,59,31,180,300,4,5
895,6,82,6,1,3,1,46,34,180,300,3,5
896,6,101,6,1,3,1,75,48,180,300,1,5
897,6,107,6,1,3,1,70,44,180,300,2,5
898,6,110,6,1,3,1,11,51,180,300,5,5
899,6,122,6,1,3,1,75,51,180,300,3,5
900,6,126,6,1,3,1,55,51,180,300,1,5
901,6,127,6,1,3,1,11,52,180,300,5,5
902,6,135,6,1,3,1,61,82,180,300,1,5
903,6,139,6,1,3,1,44,71,180,300,1,5
904,6,148,6,1,3,1,63,49,180,300,1,5
905,6,148,6,1,3,1,37,19,180,300,2,5
906,6,152,6,1,3,1,67,59,180,300,3,5
907,6,153,6,1,3,1,35,16,180,300,5,5
908,6,154,6,1,3,1,35,16,180,300,5,5
909,6,168,6,1,3,1,55,60,180,300,1,5
910,6,169,6,1,3,1,91,40,180,300,3,5
911,6,170,6,2,3,1,6,32,420,540,1,5
912,6,170,6,1,3,1,65,56,180,300,2,5
913,6,172,6,1,3,1,23,80,180,300,5,5
914,6,174,6,1,3,1,78,35,180,300,2,5
915,6,179,6,1,3,1,11,51,180,300,5,5
916,6,185,6,2,3,1,11,52,300,420,5,5
917,6,189,6,2,3,1,20,40,300,420,1,5
918,6,190,6,2,3,1,20,40,300,420,1,5
919,6,191,6,2,3,1,57,16,300,420,5,5
920,6,195,6,2,3,1,52,23,420,540,2,5
921,6,210,6,2,3,1,62,29,300,420,1,5
922,6,212,6,2,3,1,41,68,660,780,1,5
923,6,221,6,2,3,1,44,31,660,780,1,5
924,6,233,6,2,3,1,63,91,300,420,1,5
925,6,240,6,2,3,1,66,60,300,420,3,5
926,6,251,6,2,3,1,89,67,300,420,1,5
927,6,254,6,2,3,1,11,52,300,420,1,5
928,6,254,6,2,3,1,20,47,300,420,1,5
929,6,263,6,1,3,1,40,38,180,300,1,5
930,6,278,6,2,3,1,86,61,300,420,1,5
931,6,281,6,2,3,1,79,34,300,420,1,5
932,6,289,6,2,3,1,48,1,660,780,2,5
933,6,293,6,2,3,1,57,37,300,420,1,5
934,6,293,6,2,3,1,69,68,540,660,1,5
935,6,299,6,2,3,1,79,34,300,420,1,5
936,6,307,6,1,3,1,75,35,420,540,1,5
937,6,340,6,2,3,1,16,31,420,540,5,5
938,6,340,6,2,3,1,63,25,420,540,5,5
939,6,354,6,2,3,1,58,50,420,540,2,5
940,6,389,6,2,3,1,77,59,420,540,1,5
941,6,390,6,2,3,1,89,47,540,660,5,5
942,6,411,6,2,3,1,77,59,420,540,1,5
943,6,432,6,2,3,1,63,25,540,660,1,5
944,6,457,6,2,3,1,89,47,540,660,5,5
945,6,479,6,2,3,1,52,23,540,660,1,5
946,6,484,6,2,3,1,89,47,540,660,5,5
947,6,500,6,2,3,1,60,60,540,660,1,5
948,6,501,6,2,3,1,84,36,540,660,1,5
949,6,548,6,2,3,1,73,35,660,780,2,5
950,6,554,6,2,3,1,55,60,660,780,1,5
951,6,554,6,2,3,1,55,60,660,780,1,5
952,6,571,6,2,3,1,8,57,660,780,5,5
953,6,581,6,2,3,1,75,38,660,780,2,5
954,6,617,6,2,3,1,59,18,660,780,1,5
955,6,632,6,2,3,1,89,47,660,780,5,5
956,6,640,6,2,3,1,56,21,660,780,1,5
957,6,641,6,2,3,1,11,51,660,780,5,5
958,6,0,7,1,3,1,53,46,180,300,1,5
959,6,230,7,1,3,1,43,34,180,300,1,5
960,6,660,7,1,3,1,68,65,60,180,1,5
961,6,660,7,1,3,1,51,62,60,180,3,5
962,6,660,7,1,3,1,52,23,60,180,2,5
963,6,660,7,1,3,1,97,56,180,300,1,5
964,6,660,7,1,3,1,64,60,60,180,1,5
965,6,660,7,1,3,1,100,55,60,180,1,5
966,6,660,7,1,3,1,75,55,180,300,2,5
967,6,660,7,1,3,1,49,59,60,180,5,5
968,6,660,7,1,3,1,79,34,60,180,1,5
969,6,660,7,1,3,1,46,21,180,300,1,5
970,6,660,7,1,3,1,46,21,180,300,1,5
971,6,660,7,1,3,1,18,28,60,180,1,5
972,6,660,7,1,3,1,19,27,60,180,1,5
973,6,660,7,1,3,1,86,58,60,180,1,5
974,6,660,7,1,3,1,67,45,180,300,1,5
975,6,660,7,1,3,1,60,38,60,180,1,5
976,6,660,7,1,3,1,44,88,60,180,1,5
977,6,660,7,1,3,1,48,16,180,300,2,5
978,6,660,7,2,3,1,40,93,300,420,1,5
979,6,660,7,1,3,1,64,19,60,180,5,5
980,6,660,7,1,3,1,57,47,60,180,5,5
981,6,660,7,2,3,1,6,63,660,780,1,5
982,7,0,7,1,3,1,57,45,180,300,1,5
983,7,0,7,1,3,1,39,76,60,180,1,5
984,7,0,7,1,3,1,80,57,60,180,1,5
985,7,0,7,2,3,1,6,63,660,780,1,5
986,7,0,7,1,3,1,59,18,60,180,2,5
987,7,0,7,1,3,1,37,74,60,180,5,5
988,7,0,7,1,3,1,73,49,60,180,1,5
989,7,0,7,1,3,1,81,32,60,180,1,5
990,7,0,7,1,3,1,48,1,60,180,2,5
991,7,0,7,1,3,1,71,71,180,300,2,5
992,7,18,7,1,3,1,18,16,60,180,1,5
993,7,19,7,1,3,1,8,66,60,180,5,5
994,7,32,7,1,3,1,80,53,180,300,1,5
995,7,37,7,1,3,1,43,35,60,180,1,5
996,7,47,7,1,3,1,53,23,180,300,2,5
997,7,48,7,1,3,1,100,55,60,180,1,5
998,7,65,7,1,3,1,80,33,180,300,1,5
999,7,67,7,1,3,1,67,43,180,300,1,5
1000,7,67,7,1,3,1,64,29,180,300,1,5
1001,7,70,7,1,3,1,64,29,180,300,1,5
1002,7,71,7,1,3,1,64,29,180,300,1,5
1003,7,74,7,1,3,1,64,29,180,300,1,5
1004,7,75,7,1,3,1,16,30,180,300,1,5
1005,7,79,7,1,3,1,88,63,180,300,5,5
1006,7,80,7,1,3,1,68,40,120,420,10,5
1007,7,83,7,1,3,1,49,17,180,300,1,5
1008,7,85,7,1,3,1,63,49,180,300,1,5
1009,7,85,7,1,3,1,63,49,180,300,2,5
1010,7,92,7,1,3,1,59,25,180,300,4,5
1011,7,93,7,1,3,1,64,29,180,300,5,5
1012,7,93,7,1,3,1,54,41,180,300,1,5
1013,7,99,7,1,3,1,63,49,180,300,1,5
1014,7,99,7,1,3,1,63,49,180,300,1,5
1015,7,99,7,1,3,1,63,49,180,300,1,5
1016,7,99,7,1,3,1,63,49,180,300,1,5
1017,7,100,7,1,3,1,70,47,180,300,2,5
1018,7,116,7,1,3,1,63,49,180,300,2,5
1019,7,127,7,1,3,1,97,57,180,300,1,5
1020,7,130,7,2,3,1,56,27,180,300,1,5
1021,7,130,7,1,3,1,42,27,180,300,1,5
1022,7,132,7,1,3,1,54,34,180,300,1,5
1023,7,132,7,1,3,1,77,57,180,300,1,5
1024,7,136,7,1,3,1,72,60,180,300,3,5
1025,7,139,7,1,3,1,67,43,180,300,2,5
1026,7,149,7,1,3,1,36,68,180,300,1,5
1027,7,157,7,1,3,1,51,49,180,300,1,5
1028,7,168,7,2,3,1,63,49,300,420,1,5
1029,7,168,7,2,3,1,63,49,300,420,1,5
1030,7,168,7,2,3,1,63,49,300,420,1,5
1031,7,168,7,2,3,1,63,49,300,420,1,5
1032,7,172,7,1,3,1,94,53,180,300,1,5
1033,7,172,7,1,3,1,55,60,180,300,1,5
1034,7,180,7,1,3,1,59,25,180,300,5,5
1035,7,185,7,2,3,1,48,27,540,660,5,5
1036,7,197,7,2,3,1,63,49,300,420,1,5
1037,7,197,7,2,3,1,63,49,300,420,1,5
1038,7,197,7,2,3,1,63,49,300,420,1,5
1039,7,200,7,2,3,1,59,78,300,420,1,5
1040,7,219,7,2,3,1,91,30,300,420,1,5
1041,7,227,7,2,3,1,81,32,660,780,1,5
1042,7,234,7,2,3,1,63,49,300,420,1,5
1043,7,234,7,2,3,1,63,49,300,420,1,5
1044,7,234,7,2,3,1,63,49,300,420,1,5
1045,7,255,7,2,3,1,59,36,300,420,1,5
1046,7,258,7,2,3,1,46,43,300,420,3,5
1047,7,268,7,2,3,1,46,0,300,420,1,5
1048,7,282,7,2,3,1,22,10,300,420,1,5
1049,7,286,7,2,3,1,85,79,300,420,1,5
1050,7,305,7,2,3,1,82,54,420,540,5,5
1051,7,308,7,2,3,1,66,43,660,780,1,5
1052,7,311,7,2,3,1,82,54,420,540,5,5
1053,7,338,7,2,3,1,67,46,420,540,1,5
1054,7,339,7,1,3,1,75,35,420,540,1,5
1055,7,363,7,2,3,1,63,49,420,540,1,5
1056,7,370,7,2,3,1,68,58,420,540,2,5
1057,7,373,7,2,3,1,68,58,420,540,1,5
1058,7,384,7,2,3,1,89,30,660,780,1,5
1059,7,385,7,2,3,1,56,59,420,540,1,5
1060,7,408,7,2,3,1,81,39,420,540,1,5
1061,7,418,7,2,3,1,63,25,420,540,1,5
1062,7,420,7,2,3,1,67,67,420,540,1,5
1063,7,429,7,2,3,1,49,57,540,660,1,5
1064,7,429,7,2,3,1,82,54,540,660,1,5
1065,7,472,7,2,3,1,48,16,540,660,1,5
1066,7,501,7,2,3,1,89,95,540,660,2,5
1067,7,517,7,2,3,1,43,21,540,660,1,5
1068,7,553,7,2,3,1,56,21,660,780,1,5
1069,7,580,7,2,3,1,8,57,660,780,5,5
1070,7,581,7,2,3,1,42,71,660,780,5,5
1071,7,597,7,2,3,1,11,51,660,780,1,5
1072,7,599,7,2,3,1,55,60,660,780,1,5
1073,7,599,7,2,3,1,50,60,660,780,1,5
1074,7,623,7,2,3,1,63,25,660,780,4,5
1075,7,648,7,2,3,1,96,58,660,780,1,5
1076,7,656,7,2,3,1,39,74,660,780,1,5
1077,5,433,7,1,3,2,80,97,180,300,2,5
1078,6,293,7,1,3,2,81,90,180,300,5,5
1079,6,312,7,1,3,2,96,69,180,300,5,5
1080,6,384,7,2,3,2,83,66,300,420,1,5
1081,6,429,7,1,3,2,83,94,180,300,2,5
1082,6,660,7,1,3,2,79,51,60,180,1,5
1083,6,660,7,1,3,2,84,96,180,300,1,5
1084,6,660,7,2,3,2,94,59,660,780,2,5
1085,6,660,7,1,3,2,73,79,180,300,2,5
1086,6,660,7,1,3,2,91,39,60,180,1,5
1087,6,660,7,1,3,2,98,89,180,300,1,5
1088,7,0,7,1,3,2,83,91,180,300,5,5
1089,7,0,7,1,3,2,69,71,180,300,3,5
1090,7,0,7,1,3,2,79,52,60,180,1,5
1091,7,16,7,1,3,2,96,66,180,300,1,5
1092,7,21,7,1,3,2,77,37,60,180,1,5
1093,7,33,7,1,3,2,81,49,60,180,1,5
1094,7,41,7,1,3,2,75,49,180,300,1,5
1095,7,42,7,1,3,2,86,48,60,180,1,5
1096,7,49,7,1,3,2,86,49,60,180,1,5
1097,7,50,7,1,3,2,74,77,180,300,3,5
1098,7,60,7,1,3,2,91,69,60,180,5,5
1099,7,72,7,1,3,2,73,81,180,300,2,5
1100,7,88,7,1,3,2,91,69,180,300,5,5
1101,7,96,7,2,3,2,83,66,300,420,1,5
1102,7,106,7,1,3,2,78,43,180,300,1,5
1103,7,122,7,1,3,2,92,34,180,300,1,5
1104,7,132,7,2,3,2,83,66,300,420,1,5
1105,7,151,7,1,3,2,91,49,180,300,4,5
1106,7,158,7,1,3,2,82,39,180,300,5,5
1107,7,162,7,1,3,2,71,42,180,300,3,5
1108,7,172,7,1,3,2,96,69,180,300,5,5
1109,7,178,7,1,3,2,85,86,180,300,1,5
1110,7,186,7,2,3,2,84,87,300,420,1,5
1111,7,201,7,2,3,2,80,79,300,420,5,5
1112,7,216,7,2,3,2,76,23,300,420,1,5
1113,7,219,7,2,3,2,73,83,660,780,5,5
1114,7,231,7,2,3,2,81,49,300,420,1,5
1115,7,251,7,2,3,2,74,45,300,420,2,5
1116,7,311,7,2,3,2,80,70,420,540,1,5
1117,7,346,7,2,3,2,79,34,420,540,1,5
1118,7,352,7,2,3,2,88,47,540,660,4,5
1119,7,353,7,2,3,2,80,59,540,660,1,5
1120,7,355,7,2,3,2,71,66,420,540,1,5
1121,7,359,7,2,3,2,86,87,540,660,3,5
1122,7,387,7,2,3,2,75,2,420,540,2,5
1123,7,409,7,2,3,2,78,65,420,540,5,5
1124,7,423,7,2,3,2,75,2,540,660,2,5
1125,7,435,7,2,3,2,83,89,660,780,3,5
1126,7,438,7,2,3,2,83,89,660,780,2,5
1127,7,442,7,2,3,2,91,72,540,660,1,5
1128,7,461,7,2,3,2,81,49,660,780,1,5
1129,7,475,7,2,3,2,83,83,660,780,2,5
1130,7,506,7,2,3,2,84,99,540,660,1,5
1131,7,509,7,2,3,2,69,60,540,660,1,5
1132,7,530,7,2,3,2,75,75,660,780,2,5
1133,7,534,7,2,3,2,83,83,540,660,2,5
1134,7,584,7,2,3,2,71,56,660,780,1,5
1135,7,596,7,2,3,2,72,25,660,780,1,5
1,,,1,1,2,2,81,42,660,900,1,5
2,,,1,1,2,2,79,82,660,900,2,5
3,,,1,1,2,2,74,39,660,900,4,5
4,,,1,1,2,2,74,39,660,900,2,5
5,,,1,1,2,2,85,37,660,900,5,5
6,,,1,1,2,2,76,9,660,900,1,5
7,,,1,1,2,2,76,16,660,900,3,5
8,,,1,1,2,2,83,89,660,900,1,5
9,,,1,1,2,2,70,59,660,900,1,5
10,,,1,1,2,2,83,51,660,900,1,5
11,,,1,1,2,2,73,74,660,900,1,5
12,,,1,1,2,2,73,79,660,900,1,5
13,,,2,2,2,2,76,13,180,420,3,5
14,,,1,1,2,2,80,46,660,900,1,5
15,,,1,1,2,2,75,69,660,900,1,5
16,,,1,1,2,2,82,78,660,900,1,5
17,,,1,1,2,2,86,42,660,900,1,5
18,,,1,1,2,2,73,35,660,900,1,5
19,,,1,1,2,2,70,79,660,900,1,5
20,,,1,1,2,2,75,70,660,900,1,5
21,,,1,1,2,2,82,85,660,900,1,5
22,,,1,1,2,2,81,52,660,900,2,5
23,,,1,1,2,2,92,84,660,900,1,5
24,,,1,1,2,2,75,5,660,900,1,5
25,,,1,1,2,2,81,49,660,900,1,5
26,,,1,1,2,2,77,66,660,900,1,5
27,,,1,1,2,2,83,96,660,900,1,5
28,,,1,1,2,2,96,75,660,900,1,5
29,,,1,1,2,2,99,88,660,900,1,5
30,,,1,1,2,2,77,45,660,900,1,5
31,,,1,1,2,2,79,27,660,900,1,5
32,,,1,1,2,2,73,47,660,900,1,5
33,,,1,1,2,2,84,94,660,900,1,5
34,,,2,2,2,2,79,59,180,420,5,5
35,,,1,1,2,2,84,78,660,900,1,5
36,,,1,1,2,2,89,47,660,900,1,5
37,,,1,1,2,2,95,69,660,900,1,5
38,,,1,1,2,2,88,64,660,900,1,5
39,,,1,1,2,2,76,60,660,900,1,5
40,,,1,1,2,2,87,59,660,900,4,5
41,,,1,1,2,2,79,86,660,900,2,5
42,,,2,2,2,2,74,49,180,420,1,5
43,,,1,1,2,2,75,83,780,900,1,5
44,,,1,1,2,2,84,42,780,900,1,5
45,,,2,2,2,2,88,44,180,420,3,5
46,,,2,2,2,2,77,40,180,420,1,5
47,,,2,2,2,2,80,85,180,420,1,5
48,,,2,2,2,2,85,77,180,420,1,5
49,,,2,2,2,2,79,96,180,420,1,5
50,,,2,2,2,2,96,65,180,420,1,5
51,,,2,2,2,2,83,89,180,420,5,5
52,,,2,2,2,2,93,44,180,420,1,5
53,,,2,2,2,2,85,49,180,420,1,5
54,,,2,2,2,2,89,65,180,420,2,5
55,,,2,2,2,2,72,37,180,420,2,5
56,,,2,2,2,2,67,76,180,420,5,5
57,,,2,2,2,2,70,45,180,420,1,5
58,,,2,2,2,2,85,49,180,420,1,5
59,,,2,2,2,2,81,96,180,420,1,5
60,,,2,2,2,2,82,37,180,420,1,5
61,,,2,2,2,2,92,32,180,420,1,5
62,,,2,2,2,2,76,42,180,420,1,5
63,,,2,2,2,2,87,54,180,420,1,5
64,,,2,2,2,2,78,5,180,420,1,5
65,,,2,2,2,2,84,5,180,420,5,5
66,,,2,2,2,2,70,42,180,420,1,5
67,,,2,2,2,2,72,43,180,420,1,5
68,,,1,1,2,1,84,34,660,900,1,5
69,,,1,1,2,1,64,63,660,900,1,5
70,,,1,1,2,1,40,93,660,900,2,5
71,,,1,1,2,1,50,66,660,900,1,5
72,,,1,1,2,1,59,18,660,900,5,5
73,,,1,1,2,1,76,60,660,900,4,5
74,,,1,1,2,1,62,33,660,900,2,5
75,,,1,1,2,1,59,18,660,900,1,5
76,,,1,1,2,1,60,25,660,900,3,5
77,,,1,1,2,1,69,65,660,900,5,5
78,,,1,1,2,1,57,55,660,900,3,5
79,,,1,1,2,1,40,93,660,900,2,5
80,,,1,1,2,1,44,31,660,900,1,5
81,,,1,1,2,1,89,43,660,900,1,5
82,,,1,1,2,1,91,46,660,900,3,5
83,,,1,1,2,1,47,33,660,900,1,5
84,,,1,1,2,1,86,59,660,900,1,5
85,,,1,1,2,1,76,65,660,900,5,5
86,,,1,1,2,1,89,34,660,900,1,5
87,,,1,1,2,1,86,58,660,900,1,5
88,,,1,1,2,1,59,18,660,900,5,5
89,,,1,1,2,1,59,18,660,900,2,5
90,,,1,1,2,1,70,47,660,900,1,5
91,,,2,2,2,1,44,31,180,420,1,5
92,,,1,1,2,1,57,52,660,900,1,5
93,,,2,2,2,1,52,53,180,420,1,5
94,,,1,1,2,1,49,32,660,900,1,5
95,,,1,1,2,1,8,57,660,900,1,5
96,,,2,2,2,1,49,17,180,420,1,5
97,,,2,2,2,1,78,61,180,420,1,5
98,,,2,2,2,1,83,59,180,420,1,5
99,,,2,2,2,1,66,25,180,420,1,5
100,,,2,2,2,1,85,35,180,420,1,5
101,,,2,2,2,1,80,70,180,420,1,5
102,,,2,2,2,1,74,67,180,420,1,5
103,,,2,2,2,1,47,28,180,420,1,5
104,,,2,2,2,1,68,40,540,660,10,5
105,,,2,2,2,1,48,71,180,420,5,5
106,,,2,2,2,1,64,29,180,420,3,5
107,,,2,2,2,1,49,32,180,420,1,5
108,,,2,2,2,1,44,31,180,420,1,5
109,,,2,2,2,1,49,32,180,420,1,5
110,,,2,2,2,1,41,67,180,420,1,5
111,,,2,2,2,1,75,51,180,420,1,5
112,,,2,2,2,1,49,32,180,420,1,5
113,,,2,2,2,1,62,21,180,420,1,5
114,,,2,2,2,1,65,29,180,420,1,5
115,,,2,2,2,1,62,61,180,420,2,5
116,,,2,2,2,1,34,64,180,420,1,5
117,,,2,2,2,1,16,30,180,420,1,5
118,,,2,2,2,1,50,31,180,420,1,5
119,,,2,2,2,1,49,69,180,420,1,5
120,,,2,2,2,1,59,21,180,420,5,5
121,,,2,2,2,1,49,32,180,420,1,5
122,,,2,2,2,1,41,46,180,420,3,5
123,,,2,2,2,1,62,61,180,420,1,5
124,,,2,1,2,1,91,30,660,900,1,5
125,,,3,2,2,1,10,31,180,420,1,5
126,,,2,1,2,1,40,21,660,900,2,5
127,,,2,1,2,1,59,24,660,900,1,5
128,,,2,1,2,1,80,65,660,900,2,5
129,,,2,1,2,1,60,38,660,900,2,5
130,,,2,1,2,1,21,13,660,900,1,5
131,,,2,1,2,1,69,40,660,900,1,5
132,,,2,1,2,1,91,30,660,900,1,5
133,,,2,1,2,1,99,52,660,900,1,5
134,,,2,1,2,1,62,62,660,900,5,5
135,,,2,1,2,1,92,41,660,900,4,5
136,,,2,1,2,1,78,54,660,900,1,5
137,,,2,1,2,1,16,32,660,900,5,5
138,,,2,1,2,1,65,27,660,900,1,5
139,,,2,1,2,1,45,27,660,900,2,5
140,,,2,1,2,1,64,29,660,900,2,5
141,,,2,1,2,1,49,58,660,900,1,5
142,,,2,1,2,1,63,33,660,900,1,5
143,,,2,1,2,1,60,33,660,900,1,5
144,,,2,1,2,1,58,40,660,900,1,5
145,,,2,1,2,1,88,56,660,900,1,5
146,,,2,1,2,1,69,58,660,900,1,5
147,,,2,1,2,1,80,71,660,900,1,5
148,,,2,1,2,1,39,74,660,900,5,5
149,,,3,2,2,1,68,40,540,660,10,5
150,,,2,1,2,1,36,33,660,900,1,5
151,,,2,1,2,1,91,30,660,900,2,5
152,,,2,1,2,1,39,74,660,900,1,5
153,,,2,1,2,1,51,40,660,900,1,5
154,,,2,1,2,1,49,17,660,900,1,5
155,,,2,1,2,1,61,63,660,900,2,5
156,,,2,1,2,1,68,40,660,900,1,5
157,,,2,1,2,1,75,50,660,900,1,5
158,,,2,1,2,1,76,59,660,900,1,5
159,,,2,1,2,1,46,63,660,900,2,5
160,,,2,1,2,1,91,32,660,900,2,5
161,,,2,1,2,1,76,58,660,900,1,5
162,,,2,1,2,1,59,18,660,900,1,5
163,,,2,1,2,1,44,31,660,900,5,5
164,,,2,1,2,1,71,34,660,900,4,5
165,,,3,2,2,1,59,21,180,420,3,5
166,,,3,2,2,1,78,42,180,420,1,5
167,,,3,2,2,1,50,47,180,420,1,5
168,,,3,2,2,1,69,42,180,420,1,5
169,,,3,2,2,1,80,35,180,420,1,5
170,,,3,2,2,1,44,31,180,420,2,5
171,,,3,2,2,1,91,94,180,420,2,5
172,,,3,2,2,1,40,49,180,420,1,5
173,,,3,2,2,1,50,19,180,420,1,5
174,,,3,2,2,1,44,71,180,420,1,5
175,,,3,2,2,1,64,24,180,420,5,5
176,,,3,2,2,1,53,50,180,420,1,5
177,,,3,2,2,1,7,50,180,420,1,5
178,,,3,2,2,1,97,57,180,420,2,5
179,,,3,2,2,1,63,25,180,420,1,5
180,,,3,2,2,1,49,69,180,420,1,5
181,,,3,2,2,1,59,18,180,420,3,5
182,,,3,2,2,1,43,30,180,420,2,5
183,,,3,2,2,1,90,95,180,420,1,5
184,,,2,1,2,2,72,37,660,900,2,5
185,,,2,1,2,2,96,75,660,900,1,5
186,,,2,1,2,2,99,70,660,900,1,5
187,,,2,1,2,2,97,66,660,900,1,5
188,,,2,1,2,2,84,45,660,900,1,5
189,,,2,1,2,2,86,96,660,900,1,5
190,,,2,1,2,2,82,82,660,900,5,5
191,,,2,1,2,2,91,42,660,900,1,5
192,,,2,1,2,2,93,52,660,900,1,5
193,,,2,1,2,2,84,7,660,900,1,5
194,,,2,1,2,2,79,39,660,900,1,5
195,,,2,1,2,2,79,66,660,900,2,5
196,,,2,1,2,2,72,37,660,900,2,5
197,,,2,1,2,2,75,42,660,900,2,5
198,,,2,1,2,2,87,39,660,900,3,5
199,,,2,1,2,2,82,97,660,900,1,5
200,,,2,1,2,2,81,73,660,900,1,5
201,,,2,1,2,2,74,73,660,900,1,5
202,,,2,1,2,2,90,38,660,900,1,5
203,,,2,1,2,2,90,51,660,900,1,5
204,,,3,2,2,2,84,84,180,420,3,5
205,,,2,1,2,2,68,77,660,900,5,5
206,,,2,1,2,2,78,88,660,900,1,5
207,,,2,1,2,2,80,78,660,900,1,5
208,,,2,1,2,2,87,81,660,900,1,5
209,,,2,1,2,2,99,85,660,900,1,5
210,,,2,1,2,2,82,83,660,900,1,5
211,,,2,1,2,2,77,72,660,900,1,5
212,,,2,1,2,2,81,49,660,900,1,5
213,,,2,1,2,2,83,84,660,900,1,5
214,,,2,1,2,2,81,46,660,900,2,5
215,,,2,1,2,2,79,48,660,900,1,5
216,,,2,1,2,2,75,5,660,900,2,5
217,,,2,1,2,2,75,38,660,900,1,5
218,,,2,1,2,2,79,7,660,900,1,5
219,,,2,1,2,2,84,50,660,900,1,5
220,,,3,2,2,2,72,64,180,420,4,5
221,,,2,1,2,2,88,31,660,900,1,5
222,,,2,1,2,2,74,39,660,900,1,5
223,,,2,1,2,2,100,71,660,900,1,5
224,,,2,1,2,2,91,35,660,900,1,5
225,,,2,1,2,2,79,94,660,900,1,5
226,,,2,1,2,2,84,84,660,900,1,5
227,,,2,1,2,2,90,38,660,900,1,5
228,,,2,1,2,2,90,49,660,900,5,5
229,,,2,1,2,2,80,75,660,900,1,5
230,,,2,1,2,2,90,49,660,900,2,5
231,,,2,1,2,2,90,38,660,900,1,5
232,,,2,1,2,2,82,32,660,900,2,5
233,,,2,1,2,2,79,94,660,900,1,5
234,,,2,1,2,2,75,52,660,900,1,5
235,,,2,1,2,2,82,88,660,900,1,5
236,,,2,1,2,2,100,77,660,900,1,5
237,,,2,1,2,2,72,54,660,900,1,5
238,,,2,1,2,2,72,69,660,900,5,5
239,,,2,1,2,2,80,68,660,900,1,5
240,,,2,1,2,2,79,9,660,900,1,5
241,,,2,1,2,2,76,52,660,900,5,5
242,,,2,1,2,2,86,86,660,900,5,5
243,,,2,1,2,2,84,83,660,900,1,5
244,,,2,1,2,2,78,71,660,900,1,5
245,,,2,1,2,2,80,93,660,900,5,5
246,,,2,1,2,2,81,86,660,900,2,5
247,,,2,1,2,2,73,35,660,900,1,5
248,,,3,2,2,2,73,40,180,420,3,5
249,,,3,2,2,2,83,54,180,420,1,5
250,,,2,1,2,2,76,64,780,900,1,5
251,,,2,1,2,2,71,27,780,900,1,5
252,,,3,2,2,2,88,36,180,420,1,5
253,,,3,2,2,2,80,93,180,420,1,5
254,,,3,2,2,2,85,31,180,420,1,5
255,,,3,2,2,2,84,86,180,420,2,5
256,,,3,2,2,2,78,19,180,420,1,5
257,,,3,2,2,2,81,96,180,420,1,5
258,,,3,2,2,2,79,60,180,420,1,5
259,,,3,2,2,2,85,81,180,420,3,5
260,,,3,2,2,2,84,79,180,420,1,5
261,,,3,2,2,2,73,43,180,420,1,5
262,,,3,2,2,2,71,60,180,420,1,5
263,,,3,2,2,2,80,45,180,420,1,5
264,,,3,2,2,2,87,39,180,420,1,5
265,,,3,2,2,2,87,34,180,420,2,5
266,,,3,2,2,2,80,99,180,420,2,5
267,,,3,2,2,2,73,39,180,420,2,5
268,,,3,2,2,2,73,39,180,420,2,5
269,,,3,2,2,2,67,78,180,420,1,5
270,,,3,2,2,2,72,28,180,420,1,5
271,,,3,2,2,2,77,64,180,420,2,5
272,,,3,2,2,2,74,37,180,420,1,5
273,,,3,2,2,2,85,92,180,420,1,5
274,,,3,2,2,2,90,50,180,420,3,5
275,,,3,2,2,2,69,79,180,420,3,5
276,,,3,2,2,2,77,88,180,420,1,5
277,,,3,2,2,2,76,23,180,420,2,5
278,,,3,1,2,2,72,66,660,900,1,5
279,,,3,1,2,2,87,86,660,900,1,5
280,,,3,1,2,2,84,79,660,900,1,5
281,,,3,1,2,2,100,82,660,900,1,5
282,,,3,1,2,2,90,65,660,900,1,5
283,,,3,1,2,2,77,55,660,900,1,5
284,,,3,1,2,2,82,33,660,900,3,5
285,,,3,1,2,2,88,37,660,900,1,5
286,,,3,1,2,2,74,73,660,900,1,5
287,,,3,1,2,2,78,16,660,900,1,5
288,,,3,1,2,2,80,66,660,900,1,5
289,,,3,1,2,2,68,74,660,900,1,5
290,,,3,1,2,2,78,42,660,900,1,5
291,,,3,1,2,2,97,79,660,900,1,5
292,,,3,1,2,2,75,83,660,900,1,5
293,,,3,1,2,2,86,92,660,900,1,5
294,,,3,1,2,2,83,84,660,900,2,5
295,,,3,1,2,2,79,80,660,900,1,5
296,,,3,1,2,2,76,72,660,900,1,5
297,,,3,1,2,2,71,64,660,900,2,5
298,,,3,1,2,2,83,54,660,900,2,5
299,,,3,1,2,2,83,91,660,900,1,5
300,,,3,1,2,2,84,97,660,900,1,5
301,,,3,1,2,2,73,34,660,900,1,5
302,,,3,1,2,2,72,61,660,900,1,5
303,,,3,1,2,2,82,40,660,900,2,5
304,,,3,1,2,2,79,54,660,900,1,5
305,,,3,1,2,2,100,71,660,900,1,5
306,,,3,1,2,2,89,38,660,900,1,5
307,,,3,1,2,2,82,52,660,900,1,5
308,,,3,1,2,2,71,64,660,900,1,5
309,,,3,1,2,2,93,51,660,900,2,5
310,,,3,1,2,2,74,70,660,900,2,5
311,,,3,1,2,2,71,47,660,900,1,5
312,,,3,1,2,2,93,48,660,900,1,5
313,,,3,1,2,2,82,44,660,900,1,5
314,,,3,1,2,2,93,70,660,900,3,5
315,,,3,1,2,2,93,70,660,900,1,5
316,,,3,1,2,2,72,61,660,900,1,5
317,,,3,1,2,2,72,30,660,900,1,5
318,,,3,1,2,2,89,36,660,900,3,5
319,,,3,1,2,2,74,63,660,900,1,5
320,,,3,1,2,2,91,37,660,900,1,5
321,,,3,1,2,2,78,45,660,900,5,5
322,,,3,1,2,2,76,64,660,900,1,5
323,,,3,1,2,2,75,49,660,900,3,5
324,,,3,1,2,2,84,88,660,900,4,5
325,,,3,1,2,2,80,76,660,900,1,5
326,,,3,1,2,2,89,45,660,900,3,5
327,,,3,1,2,2,72,67,660,900,1,5
328,,,3,1,2,2,93,43,660,900,1,5
329,,,3,1,2,2,76,42,660,900,1,5
330,,,3,1,2,2,93,45,660,900,5,5
331,,,3,1,2,2,91,65,660,900,1,5
332,,,3,1,2,2,86,90,660,900,5,5
333,,,3,1,2,2,68,77,660,900,2,5
334,,,3,1,2,2,86,31,660,900,1,5
335,,,3,1,2,2,76,38,660,900,1,5
336,,,4,2,2,2,85,78,180,420,1,5
337,,,3,1,2,2,83,58,540,660,1,5
338,,,4,2,2,2,77,45,180,420,1,5
339,,,4,2,2,2,87,42,180,420,1,5
340,,,4,2,2,2,77,68,180,420,1,5
341,,,3,1,2,2,85,31,780,900,1,5
342,,,4,2,2,2,82,81,180,420,1,5
343,,,4,2,2,2,93,48,180,420,1,5
344,,,4,2,2,2,74,46,180,420,5,5
345,,,4,2,2,2,72,25,180,420,1,5
346,,,4,2,2,2,73,71,180,420,4,5
347,,,4,2,2,2,74,62,180,420,1,5
348,,,4,2,2,2,88,57,180,420,1,5
349,,,4,2,2,2,78,43,180,420,1,5
350,,,4,2,2,2,82,6,180,420,5,5
351,,,4,2,2,2,76,39,180,420,1,5
352,,,4,2,2,2,77,44,180,420,1,5
353,,,4,2,2,2,80,97,180,420,1,5
354,,,4,2,2,2,76,49,180,420,1,5
355,,,4,2,2,2,79,45,180,420,1,5
356,,,4,2,2,2,78,42,180,420,1,5
357,,,4,2,2,2,77,79,180,420,1,5
358,,,4,2,2,2,72,32,180,420,3,5
359,,,4,2,2,2,72,32,180,420,3,5
360,,,4,2,2,2,85,86,180,420,1,5
361,,,4,2,2,2,83,54,180,420,1,5
362,,,4,2,2,2,75,21,180,420,5,5
363,,,4,2,2,2,74,76,180,420,3,5
364,,,4,2,2,2,84,83,180,420,5,5
365,,,4,2,2,2,79,82,180,420,1,5
366,,,4,2,2,2,81,80,180,420,1,5
367,,,4,2,2,2,94,61,180,420,2,5
368,,,4,2,2,2,80,50,180,420,1,5
369,,,4,2,2,2,81,6,180,420,1,5
370,,,4,2,2,2,74,73,180,420,1,5
371,,,4,2,2,2,79,86,180,420,1,5
372,,,4,2,2,2,80,89,180,420,1,5
373,,,4,2,2,2,82,87,180,420,1,5
374,,,4,2,2,2,83,54,180,420,1,5
375,,,4,2,2,2,83,54,180,420,1,5
376,,,4,2,2,2,81,49,180,420,1,5
377,,,4,2,2,2,79,63,180,420,2,5
378,,,4,2,2,2,79,53,180,420,1,5
379,,,4,2,2,1,27,38,180,420,1,5
380,,,4,2,2,1,38,19,180,420,1,5
381,,,3,1,2,1,86,58,660,900,1,5
382,,,3,1,2,1,63,32,660,900,1,5
383,,,3,1,2,1,63,30,660,900,1,5
384,,,3,1,2,1,60,15,660,900,1,5
385,,,3,1,2,1,59,18,660,900,1,5
386,,,3,1,2,1,75,51,660,900,1,5
387,,,3,1,2,1,90,95,660,900,1,5
388,,,3,1,2,1,49,28,660,900,2,5
389,,,3,1,2,1,51,61,660,900,6,5
390,,,3,1,2,1,46,35,660,900,1,5
391,,,3,1,2,1,64,24,660,900,1,5
392,,,3,1,2,1,76,66,660,900,1,5
393,,,3,1,2,1,64,24,660,900,1,5
394,,,3,1,2,1,59,18,660,900,2,5
395,,,3,1,2,1,66,41,660,900,3,5
396,,,4,2,2,1,93,54,180,420,1,5
397,,,3,1,2,1,74,52,660,900,2,5
398,,,3,1,2,1,16,30,660,900,1,5
399,,,3,1,2,1,67,44,660,900,1,5
400,,,3,1,2,1,56,37,660,900,1,5
401,,,3,1,2,1,51,62,660,900,2,5
402,,,3,1,2,1,84,58,660,900,1,5
403,,,3,1,2,1,17,30,660,900,1,5
404,,,3,1,2,1,79,60,660,900,1,5
405,,,3,1,2,1,66,51,660,900,1,5
406,,,3,1,2,1,59,25,660,900,1,5
407,,,3,1,2,1,86,58,660,900,1,5
408,,,3,1,2,1,86,77,660,900,1,5
409,,,3,1,2,1,87,65,660,900,1,5
410,,,3,1,2,1,87,43,660,900,1,5
411,,,3,1,2,1,71,36,660,900,1,5
412,,,4,2,2,1,84,79,180,420,1,5
413,,,3,1,2,1,64,16,660,900,1,5
414,,,4,2,2,1,6,39,180,420,1,5
415,,,3,1,2,1,59,18,660,900,5,5
416,,,3,1,2,1,43,29,660,900,1,5
417,,,4,2,2,1,59,37,180,420,1,5
418,,,4,2,2,1,87,60,180,420,1,5
419,,,3,1,2,1,76,89,660,900,1,5
420,,,4,2,2,1,20,38,180,420,4,5
421,,,4,2,2,1,86,35,180,420,1,5
422,,,4,2,2,1,85,78,180,420,1,5
423,,,4,2,2,1,84,34,180,420,1,5
424,,,4,2,2,1,59,25,180,420,1,5
425,,,4,2,2,1,59,18,180,420,1,5
426,,,4,2,2,1,84,35,180,420,1,5
427,,,4,2,2,1,44,31,180,420,1,5
428,,,4,2,2,1,54,41,180,420,3,5
429,,,4,2,2,1,93,26,180,420,2,5
430,,,4,2,2,1,93,26,180,420,2,5
431,,,4,2,2,1,93,26,180,420,2,5
432,,,4,2,2,1,93,26,180,420,2,5
433,,,4,2,2,1,21,13,180,420,1,5
434,,,4,2,2,1,88,55,180,420,1,5
435,,,4,2,2,1,62,29,180,420,4,5
436,,,4,2,2,1,64,29,180,420,1,5
437,,,4,2,2,1,57,43,180,420,1,5
438,,,4,2,2,1,93,58,180,420,1,5
439,,,4,2,2,1,94,52,180,420,5,5
440,,,4,2,2,1,65,69,180,420,1,5
441,,,4,2,2,1,39,34,180,420,1,5
442,,,4,2,2,1,58,36,180,420,1,5
443,,,4,2,2,1,94,57,180,420,1,5
444,,,4,2,2,1,38,19,180,420,1,5
445,,,4,2,2,1,34,53,180,420,5,5
446,,,4,2,2,1,68,65,180,420,1,5
447,,,4,2,2,1,53,45,180,420,1,5
448,,,4,2,2,1,68,16,180,420,2,5
449,,,4,2,2,1,68,16,180,420,2,5
450,,,4,2,2,1,68,16,180,420,2,5
451,,,4,2,2,1,65,18,180,420,1,5
452,,,4,2,2,1,5,56,180,420,1,5
453,,,4,2,2,1,59,65,180,420,1,5
454,,,4,2,2,1,78,49,180,420,2,5
455,,,4,2,2,1,49,17,180,420,1,5
456,,,5,2,2,1,47,63,180,420,1,5
457,,,5,2,2,1,93,27,180,420,1,5
458,,,5,2,2,1,42,25,180,420,1,5
459,,,4,1,2,1,75,47,660,900,1,5
460,,,4,1,2,1,88,33,660,900,1,5
461,,,4,1,2,1,67,45,660,900,1,5
462,,,4,1,2,1,15,20,660,900,1,5
463,,,4,1,2,1,91,36,660,900,1,5
464,,,4,1,2,1,60,38,660,900,1,5
465,,,5,2,2,1,68,54,180,420,1,5
466,,,4,1,2,1,44,31,660,900,1,5
467,,,4,1,2,1,23,22,660,900,1,5
468,,,4,1,2,1,51,40,660,900,3,5
469,,,4,1,2,1,59,25,660,900,1,5
470,,,4,1,2,1,21,13,660,900,1,5
471,,,4,1,2,1,96,59,660,900,1,5
472,,,4,1,2,1,85,40,660,900,1,5
473,,,4,1,2,1,59,60,660,900,1,5
474,,,4,1,2,1,37,72,660,900,1,5
475,,,4,1,2,1,52,51,660,900,1,5
476,,,4,1,2,1,52,51,660,900,1,5
477,,,4,1,2,1,52,51,660,900,1,5
478,,,4,1,2,1,52,51,660,900,1,5
479,,,4,1,2,1,44,31,660,900,1,5
480,,,4,1,2,1,52,51,660,900,1,5
481,,,4,1,2,1,49,28,660,900,3,5
482,,,4,1,2,1,63,25,660,900,2,5
483,,,4,1,2,1,79,37,660,900,3,5
484,,,4,1,2,1,66,31,660,900,1,5
485,,,4,1,2,1,60,35,660,900,3,5
486,,,4,1,2,1,61,35,660,900,1,5
487,,,4,1,2,1,59,18,660,900,1,5
488,,,4,1,2,1,64,20,660,900,2,5
489,,,4,1,2,1,64,16,660,900,1,5
490,,,4,1,2,1,15,49,660,900,1,5
491,,,4,1,2,1,59,20,660,900,1,5
492,,,4,1,2,1,8,57,660,900,4,5
493,,,4,1,2,1,49,43,660,900,2,5
494,,,4,1,2,1,69,58,660,900,2,5
495,,,4,1,2,1,55,31,660,900,1,5
496,,,4,1,2,1,86,51,660,900,1,5
497,,,4,1,2,1,82,61,660,900,5,5
498,,,5,2,2,1,42,21,180,420,2,5
499,,,5,2,2,1,67,47,180,420,1,5
500,,,5,2,2,1,71,40,180,420,2,5
501,,,5,2,2,1,71,40,180,420,2,5
502,,,5,2,2,1,71,40,180,420,2,5
503,,,5,2,2,1,79,51,180,420,1,5
504,,,5,2,2,1,79,69,180,420,4,5
505,,,5,2,2,1,89,28,180,420,5,5
506,,,5,2,2,1,80,53,180,420,2,5
507,,,5,2,2,1,17,16,180,420,3,5
508,,,5,2,2,1,68,65,180,420,1,5
509,,,5,2,2,1,50,44,180,420,1,5
510,,,5,2,2,1,47,31,180,420,1,5
511,,,5,2,2,1,85,56,180,420,1,5
512,,,5,2,2,1,94,53,180,420,5,5
513,,,5,2,2,1,71,47,180,420,3,5
514,,,5,2,2,1,44,31,180,420,1,5
515,,,5,2,2,1,51,40,180,420,1,5
516,,,5,2,2,1,49,28,180,420,2,5
517,,,5,2,2,1,81,34,180,420,2,5
518,,,5,2,2,1,85,34,180,420,1,5
519,,,5,2,2,1,88,66,180,420,1,5
520,,,5,2,2,1,17,28,180,420,4,5
521,,,5,2,2,1,39,34,180,420,1,5
522,,,5,2,2,1,80,70,180,420,1,5
523,,,5,2,2,1,63,25,180,420,2,5
524,,,5,2,2,1,46,3,180,420,1,5
525,,,4,1,2,2,78,65,660,900,3,5
526,,,4,1,2,2,84,81,660,900,1,5
527,,,4,1,2,2,86,86,660,900,1,5
528,,,4,1,2,2,72,19,660,900,1,5
529,,,5,2,2,2,79,87,180,420,5,5
530,,,4,1,2,2,84,96,660,900,1,5
531,,,4,1,2,2,73,44,660,900,1,5
532,,,4,1,2,2,95,82,660,900,1,5
533,,,4,1,2,2,90,57,660,900,1,5
534,,,4,1,2,2,80,69,660,900,1,5
535,,,4,1,2,2,90,50,660,900,2,5
536,,,4,1,2,2,72,31,660,900,2,5
537,,,4,1,2,2,80,86,660,900,2,5
538,,,4,1,2,2,83,98,660,900,2,5
539,,,5,2,2,2,84,80,180,420,1,5
540,,,5,2,2,2,82,100,180,420,1,5
541,,,4,1,2,2,83,46,660,900,3,5
542,,,4,1,2,2,75,69,660,900,1,5
543,,,4,1,2,2,76,73,660,900,1,5
544,,,4,1,2,2,65,68,660,900,1,5
545,,,4,1,2,2,75,5,660,900,1,5
546,,,4,1,2,2,82,83,660,900,1,5
547,,,4,1,2,2,78,44,660,900,1,5
548,,,4,1,2,2,73,25,660,900,1,5
549,,,4,1,2,2,91,39,660,900,1,5
550,,,4,1,2,2,77,66,660,900,1,5
551,,,4,1,2,2,69,74,660,900,1,5
552,,,4,1,2,2,88,43,660,900,4,5
553,,,4,1,2,2,82,42,660,900,1,5
554,,,4,1,2,2,83,95,660,900,2,5
555,,,4,1,2,2,83,7,660,900,1,5
556,,,4,1,2,2,85,80,660,900,1,5
557,,,4,1,2,2,90,48,660,900,1,5
558,,,4,1,2,2,93,59,660,900,2,5
559,,,4,1,2,2,78,89,660,900,2,5
560,,,4,1,2,2,81,49,660,900,3,5
561,,,4,1,2,2,74,51,660,900,1,5
562,,,4,1,2,2,82,42,660,900,1,5
563,,,4,1,2,2,81,49,660,900,1,5
564,,,4,1,2,2,76,54,660,900,1,5
565,,,4,1,2,2,74,53,660,900,1,5
566,,,4,1,2,2,76,61,660,900,1,5
567,,,4,1,2,2,81,99,660,900,1,5
568,,,4,1,2,2,73,21,660,900,1,5
569,,,4,1,2,2,88,51,660,900,4,5
570,,,4,1,2,2,76,50,660,900,5,5
571,,,4,1,2,2,91,66,660,900,3,5
572,,,5,2,2,2,82,41,180,420,1,5
573,,,4,1,2,2,72,67,660,900,5,5
574,,,4,1,2,2,77,65,660,900,1,5
575,,,4,1,2,2,75,9,660,900,2,5
576,,,5,2,2,2,76,86,180,420,1,5
577,,,4,1,2,2,81,96,660,900,1,5
578,,,5,2,2,2,79,56,180,420,3,5
579,,,5,2,2,2,84,85,180,420,1,5
580,,,5,2,2,2,74,28,180,420,2,5
581,,,5,2,2,2,96,61,180,420,3,5
582,,,5,2,2,2,72,72,180,420,1,5
583,,,5,2,2,2,69,79,180,420,1,5
584,,,5,2,2,2,81,72,180,420,1,5
585,,,5,2,2,2,79,96,180,420,1,5
586,,,5,2,2,2,100,75,540,660,10,5
587,,,5,2,2,2,93,53,180,420,1,5
588,,,5,2,2,2,96,61,180,420,3,5
589,,,5,2,2,2,71,55,180,420,5,5
590,,,5,2,2,2,86,82,180,420,1,5
591,,,5,2,2,2,83,34,180,420,1,5
592,,,5,2,2,2,73,38,180,420,2,5
593,,,5,2,2,2,97,56,180,420,5,5
594,,,5,2,2,2,84,87,180,420,5,5
595,,,5,2,2,2,87,60,180,420,5,5
596,,,5,2,2,2,77,67,180,420,2,5
597,,,5,2,2,2,81,49,180,420,5,5
598,,,5,2,2,2,75,78,180,420,1,5
599,,,5,2,2,2,83,43,180,420,2,5
600,,,5,2,2,2,70,79,180,420,1,5
601,,,5,2,2,2,73,78,180,420,1,5
602,,,5,2,2,2,93,64,180,420,1,5
603,,,5,2,2,2,82,85,180,420,2,5
604,,,5,2,2,2,98,68,180,420,1,5
605,,,5,2,2,2,81,68,180,420,1,5
606,,,5,2,2,2,81,49,180,420,1,5
607,,,5,2,2,2,70,79,180,420,3,5
608,,,5,2,2,2,86,90,180,420,1,5
609,,,5,2,2,2,86,90,180,420,1,5
610,,,5,2,2,2,86,90,180,420,1,5
611,,,5,2,2,2,91,65,180,420,1,5
612,,,5,2,2,2,86,41,180,420,2,5
613,,,5,2,2,2,87,41,180,420,1,5
614,,,5,2,2,2,81,67,180,420,2,5
615,,,5,2,2,2,72,77,180,420,1,5
616,,,5,2,2,2,85,87,180,420,1,5
617,,,5,2,2,2,90,48,180,420,1,5
618,,,5,2,2,2,73,53,180,420,1,5
619,,,5,2,2,2,96,65,180,420,5,5
620,,,5,2,2,2,71,43,180,420,1,5
621,,,5,2,2,2,82,40,180,420,1,5
622,,,5,2,2,2,76,49,180,420,1,5
623,,,5,2,2,2,83,92,180,420,2,5
624,,,5,2,2,2,72,37,180,420,5,5
625,,,5,2,2,2,84,5,180,420,1,5
626,,,5,2,2,2,84,5,180,420,1,5
627,,,5,2,2,2,84,5,180,420,1,5
628,,,5,2,2,2,84,98,180,420,1,5
629,,,5,1,2,2,85,77,660,900,1,5
630,,,5,1,2,2,85,84,660,900,2,5
631,,,5,1,2,2,85,81,660,900,4,5
632,,,5,1,2,2,82,70,660,900,1,5
633,,,5,1,2,2,90,46,660,900,3,5
634,,,5,1,2,2,82,32,660,900,4,5
635,,,5,1,2,2,82,39,660,900,10,5
636,,,5,1,2,2,76,29,660,900,1,5
637,,,5,1,2,2,84,87,660,900,2,5
638,,,5,1,2,2,90,49,660,900,1,5
639,,,5,1,2,2,93,56,660,900,1,5
640,,,5,1,2,2,82,82,660,900,1,5
641,,,5,1,2,2,75,61,660,900,3,5
642,,,5,1,2,2,82,3,660,900,1,5
643,,,5,1,2,2,73,43,660,900,2,5
644,,,5,1,2,2,85,81,660,900,3,5
645,,,5,1,2,2,97,78,660,900,1,5
646,,,5,1,2,2,74,42,660,900,5,5
647,,,5,1,2,2,71,56,660,900,4,5
648,,,5,1,2,2,86,92,660,900,1,5
649,,,5,1,2,2,76,79,660,900,1,5
650,,,5,1,2,2,71,80,660,900,1,5
651,,,5,1,2,2,77,63,660,900,1,5
652,,,5,1,2,2,78,57,660,900,2,5
653,,,5,1,2,2,76,79,660,900,1,5
654,,,5,1,2,2,91,55,660,900,2,5
655,,,5,1,2,2,80,67,660,900,1,5
656,,,5,1,2,2,79,89,660,900,2,5
657,,,5,1,2,2,77,64,660,900,1,5
658,,,5,1,2,2,74,36,660,900,2,5
659,,,5,1,2,2,72,82,660,900,2,5
660,,,5,1,2,2,83,48,660,900,1,5
661,,,5,1,2,2,86,94,660,900,1,5
662,,,5,1,2,2,76,25,660,900,1,5
663,,,5,1,2,2,76,25,660,900,1,5
664,,,5,1,2,2,76,27,660,900,1,5
665,,,5,1,2,2,75,26,660,900,1,5
666,,,5,1,2,2,81,49,660,900,1,5
667,,,5,1,2,2,74,75,660,900,1,5
668,,,5,1,2,2,87,51,660,900,3,5
669,,,5,1,2,2,85,85,660,900,5,5
670,,,5,1,2,2,99,90,660,900,5,5
671,,,5,1,2,2,80,97,660,900,1,5
672,,,5,1,2,2,75,70,660,900,1,5
673,,,5,1,2,2,86,85,660,900,2,5
674,,,5,1,2,2,76,0,660,900,1,5
675,,,5,1,2,2,82,36,660,900,1,5
676,,,5,1,2,2,82,86,660,900,1,5
677,,,5,1,2,2,82,95,660,900,1,5
678,,,5,1,2,2,78,58,660,900,2,5
679,,,5,1,2,2,88,56,660,900,5,5
680,,,5,1,2,2,78,28,660,900,2,5
681,,,5,1,2,2,91,66,660,900,1,5
682,,,5,1,2,2,99,76,660,900,1,5
683,,,6,2,2,2,85,48,180,420,1,5
684,,,6,2,2,2,83,54,180,420,1,5
685,,,6,2,2,2,83,89,180,420,1,5
686,,,6,2,2,2,79,60,180,420,1,5
687,,,5,1,2,2,0,34,780,900,1,5
688,,,6,2,2,2,86,47,180,420,1,5
689,,,6,2,2,2,77,39,180,420,1,5
690,,,6,2,2,2,81,49,180,420,5,5
691,,,6,2,2,2,78,65,180,420,1,5
692,,,6,2,2,2,84,83,180,420,1,5
693,,,6,2,2,2,76,25,180,420,1,5
694,,,6,2,2,2,81,49,180,420,5,5
695,,,6,2,2,2,81,49,180,420,1,5
696,,,6,2,2,2,88,38,180,420,5,5
697,,,6,2,2,2,82,4,180,420,1,5
698,,,6,2,2,2,72,32,180,420,5,5
699,,,6,2,2,2,84,93,180,420,2,5
700,,,6,2,2,2,79,45,180,420,1,5
701,,,6,2,2,2,86,44,180,420,1,5
702,,,6,2,2,2,91,72,180,420,1,5
703,,,6,2,2,2,71,44,180,420,5,5
704,,,6,2,2,2,74,65,180,420,5,5
705,,,6,2,2,2,83,44,180,420,1,5
706,,,6,2,2,2,84,97,180,420,3,5
707,,,6,2,2,2,81,92,180,420,4,5
708,,,6,2,2,2,79,43,180,420,1,5
709,,,6,2,2,2,79,40,180,420,1,5
710,,,6,2,2,2,86,54,180,420,2,5
711,,,6,2,2,2,78,65,180,420,2,5
712,,,6,2,2,2,88,57,180,420,2,5
713,,,6,2,2,2,78,50,180,420,1,5
714,,,6,2,2,2,74,53,180,420,1,5
715,,,6,2,2,2,81,98,180,420,1,5
716,,,6,2,2,2,82,54,180,420,5,5
717,,,6,2,2,2,73,37,180,420,4,5
718,,,6,2,2,2,83,96,180,420,1,5
719,,,6,2,2,2,77,66,180,420,2,5
720,,,6,2,2,2,77,61,180,420,5,5
721,,,6,2,2,2,92,66,180,420,1,5
722,,,6,2,2,2,76,50,180,420,1,5
723,,,6,2,2,2,70,42,180,420,1,5
724,,,6,2,2,2,79,64,180,420,2,5
725,,,6,2,2,2,77,52,180,420,2,5
726,,,6,2,2,2,86,92,180,420,5,5
727,,,6,2,2,2,76,42,180,420,3,5
728,,,6,2,2,2,99,90,180,420,2,5
729,,,5,1,2,1,8,25,660,900,1,5
730,,,5,1,2,1,60,15,660,900,1,5
731,,,5,1,2,1,8,27,660,900,1,5
732,,,5,1,2,1,60,15,660,900,3,5
733,,,5,1,2,1,49,28,660,900,4,5
734,,,5,1,2,1,36,66,660,900,1,5
735,,,5,1,2,1,23,100,660,900,5,5
736,,,5,1,2,1,60,15,660,900,1,5
737,,,5,1,2,1,23,100,660,900,5,5
738,,,5,1,2,1,78,35,660,900,2,5
739,,,5,1,2,1,63,32,660,900,2,5
740,,,5,1,2,1,57,19,660,900,1,5
741,,,5,1,2,1,93,58,660,900,1,5
742,,,5,1,2,1,40,21,660,900,1,5
743,,,5,1,2,1,63,24,660,900,5,5
744,,,5,1,2,1,53,41,660,900,1,5
745,,,5,1,2,1,73,55,660,900,1,5
746,,,5,1,2,1,86,79,660,900,4,5
747,,,5,1,2,1,57,21,660,900,1,5
748,,,5,1,2,1,74,52,660,900,1,5
749,,,5,1,2,1,50,37,660,900,1,5
750,,,5,1,2,1,16,30,660,900,1,5
751,,,5,1,2,1,56,49,660,900,1,5
752,,,5,1,2,1,59,18,660,900,1,5
753,,,5,1,2,1,61,29,660,900,1,5
754,,,5,1,2,1,41,17,660,900,1,5
755,,,5,1,2,1,96,57,660,900,1,5
756,,,5,1,2,1,57,22,660,900,1,5
757,,,5,1,2,1,49,32,660,900,1,5
758,,,5,1,2,1,57,37,660,900,1,5
759,,,5,1,2,1,49,32,660,900,1,5
760,,,5,1,2,1,62,39,660,900,1,5
761,,,5,1,2,1,53,41,660,900,2,5
762,,,5,1,2,1,91,37,660,900,2,5
763,,,5,1,2,1,64,29,660,900,1,5
764,,,5,1,2,1,20,9,660,900,1,5
765,,,5,1,2,1,50,58,660,900,3,5
766,,,5,1,2,1,63,25,660,900,2,5
767,,,5,1,2,1,57,37,660,900,1,5
768,,,5,1,2,1,50,45,660,900,1,5
769,,,6,2,2,1,51,47,180,420,5,5
770,,,6,2,2,1,75,52,180,420,2,5
771,,,6,2,2,1,39,72,180,420,1,5
772,,,6,2,2,1,58,31,180,420,1,5
773,,,6,2,2,1,58,31,180,420,1,5
774,,,6,2,2,1,78,40,180,420,1,5
775,,,6,2,2,1,80,70,180,420,1,5
776,,,6,2,2,1,98,56,180,420,1,5
777,,,6,2,2,1,23,83,180,420,5,5
778,,,6,2,2,1,66,42,180,420,1,5
779,,,6,2,2,1,67,72,180,420,1,5
780,,,6,2,2,1,91,31,180,420,1,5
781,,,6,2,2,1,90,25,180,420,1,5
782,,,6,2,2,1,90,25,180,420,1,5
783,,,6,2,2,1,81,80,180,420,1,5
784,,,6,2,2,1,76,65,180,420,5,5
785,,,6,2,2,1,49,28,180,420,1,5
786,,,6,2,2,1,47,77,180,420,1,5
787,,,6,2,2,1,99,58,180,420,5,5
788,,,6,2,2,1,49,28,180,420,3,5
789,,,6,2,2,1,49,28,180,420,2,5
790,,,6,2,2,1,82,61,180,420,5,5
791,,,6,2,2,1,75,51,180,420,1,5
792,,,6,2,2,1,56,59,180,420,1,5
793,,,6,2,2,1,49,28,180,420,3,5
794,,,6,2,2,1,50,27,180,420,5,5
795,,,6,2,2,1,50,27,180,420,2,5
796,,,6,2,2,1,56,37,180,420,2,5
797,,,6,2,2,1,60,37,180,420,2,5
798,,,6,2,2,1,59,18,180,420,1,5
799,,,6,2,2,1,62,86,180,420,1,5
800,,,6,2,2,1,62,19,180,420,1,5
801,,,6,1,2,1,81,36,660,900,1,5
802,,,6,1,2,1,14,26,660,900,1,5
803,,,6,1,2,1,1,56,660,900,1,5
804,,,7,2,2,1,81,14,180,420,5,5
805,,,6,1,2,1,65,76,660,900,1,5
806,,,6,1,2,1,47,59,660,900,1,5
807,,,6,1,2,1,97,57,660,900,4,5
808,,,6,1,2,1,90,61,660,900,4,5
809,,,6,1,2,1,74,46,660,900,1,5
810,,,6,1,2,1,53,57,660,900,1,5
811,,,6,1,2,1,47,62,660,900,1,5
812,,,6,1,2,1,49,69,660,900,5,5
813,,,6,1,2,1,45,30,660,900,1,5
814,,,6,1,2,1,60,38,660,900,2,5
815,,,6,1,2,1,61,16,660,900,3,5
816,,,6,1,2,1,39,74,660,900,1,5
817,,,6,1,2,1,73,53,660,900,1,5
818,,,6,1,2,1,61,34,660,900,2,5
819,,,6,1,2,1,11,36,660,900,2,5
820,,,7,2,2,1,34,67,180,420,1,5
821,,,6,1,2,1,64,24,660,900,1,5
822,,,6,1,2,1,68,65,660,900,5,5
823,,,6,1,2,1,99,58,660,900,1,5
824,,,6,1,2,1,49,28,660,900,1,5
825,,,6,1,2,1,67,59,660,900,1,5
826,,,6,1,2,1,54,52,660,900,2,5
827,,,6,1,2,1,76,51,660,900,2,5
828,,,6,1,2,1,49,22,660,900,1,5
829,,,6,1,2,1,64,28,660,900,3,5
830,,,6,1,2,1,80,78,660,900,3,5
831,,,7,2,2,1,63,25,180,420,1,5
832,,,7,2,2,1,44,31,180,420,1,5
833,,,7,2,2,1,66,52,180,420,1,5
834,,,7,2,2,1,23,22,180,420,2,5
835,,,7,2,2,1,72,62,180,420,1,5
836,,,7,2,2,1,64,21,180,420,1,5
837,,,7,2,2,1,95,56,180,420,1,5
838,,,7,2,2,1,56,35,180,420,1,5
839,,,7,2,2,1,75,62,180,420,1,5
840,,,7,2,2,1,74,47,180,420,1,5
841,,,7,2,2,1,87,78,180,420,1,5
842,,,7,2,2,1,87,78,180,420,2,5
843,,,7,2,2,1,66,59,180,420,1,5
844,,,7,2,2,1,52,59,180,420,1,5
845,,,7,2,2,1,64,29,180,420,4,5
846,,,7,2,2,1,59,25,180,420,1,5
847,,,7,2,2,1,23,83,180,420,2,5
848,,,7,2,2,1,70,72,180,420,1,5
849,,,7,2,2,1,80,70,180,420,1,5
850,,,6,1,2,2,72,32,660,900,5,5
851,,,6,1,2,2,97,79,660,900,3,5
852,,,6,1,2,2,91,66,660,900,10,5
853,,,6,1,2,2,94,54,660,900,3,5
854,,,6,1,2,2,81,94,660,900,1,5
855,,,6,1,2,2,93,59,660,900,1,5
856,,,6,1,2,2,70,41,660,900,5,5
857,,,6,1,2,2,70,41,660,900,5,5
858,,,6,1,2,2,84,37,660,900,5,5
859,,,6,1,2,2,76,13,660,900,3,5
860,,,6,1,2,2,82,96,660,900,1,5
861,,,6,1,2,2,71,55,660,900,5,5
862,,,6,1,2,2,96,79,660,900,1,5
863,,,7,2,2,2,78,50,180,420,1,5
864,,,6,1,2,2,74,42,660,900,5,5
865,,,6,1,2,2,74,26,660,900,1,5
866,,,6,1,2,2,73,46,660,900,1,5
867,,,6,1,2,2,85,80,660,900,2,5
868,,,6,1,2,2,90,48,660,900,5,5
869,,,6,1,2,2,80,49,660,900,2,5
870,,,6,1,2,2,72,77,660,900,1,5
871,,,6,1,2,2,85,66,660,900,1,5
872,,,6,1,2,2,71,70,660,900,1,5
873,,,6,1,2,2,97,62,660,900,2,5
874,,,6,1,2,2,74,10,660,900,1,5
875,,,6,1,2,2,69,79,660,900,1,5
876,,,6,1,2,2,72,70,660,900,3,5
877,,,6,1,2,2,79,79,660,900,3,5
878,,,6,1,2,2,71,64,660,900,3,5
879,,,6,1,2,2,91,68,660,900,2,5
880,,,6,1,2,2,72,38,660,900,1,5
881,,,6,1,2,2,100,89,660,900,1,5
882,,,6,1,2,2,92,67,660,900,5,5
883,,,6,1,2,2,79,97,660,900,1,5
884,,,6,1,2,2,86,39,660,900,2,5
885,,,6,1,2,2,78,58,660,900,1,5
886,,,6,1,2,2,73,61,660,900,1,5
887,,,6,1,2,2,78,30,660,900,1,5
888,,,6,1,2,2,89,58,660,900,1,5
889,,,6,1,2,2,91,66,660,900,10,5
890,,,6,1,2,2,77,70,660,900,1,5
891,,,6,1,2,2,74,62,660,900,1,5
892,,,6,1,2,2,71,63,660,900,1,5
893,,,6,1,2,2,86,64,660,900,1,5
894,,,6,1,2,2,77,64,660,900,4,5
895,,,6,1,2,2,75,7,660,900,3,5
896,,,6,1,2,2,99,90,660,900,1,5
897,,,6,1,2,2,100,79,660,900,2,5
898,,,6,1,2,2,70,75,660,900,5,5
899,,,6,1,2,2,84,51,660,900,3,5
900,,,6,1,2,2,80,38,660,900,1,5
901,,,6,1,2,2,70,75,660,900,5,5
902,,,6,1,2,2,79,41,660,900,1,5
903,,,6,1,2,2,91,64,660,900,1,5
904,,,6,1,2,2,85,84,660,900,1,5
905,,,6,1,2,2,99,72,660,900,2,5
906,,,6,1,2,2,83,53,660,900,3,5
907,,,6,1,2,2,71,59,660,900,5,5
908,,,6,1,2,2,71,59,660,900,5,5
909,,,6,1,2,2,74,51,660,900,1,5
910,,,6,1,2,2,71,49,660,900,3,5
911,,,7,2,2,2,79,65,180,420,1,5
912,,,6,1,2,2,73,31,660,900,2,5
913,,,6,1,2,2,70,67,660,900,5,5
914,,,6,1,2,2,84,97,660,900,2,5
915,,,6,1,2,2,70,75,660,900,5,5
916,,,7,2,2,2,70,75,180,420,5,5
917,,,7,2,2,2,82,82,180,420,1,5
918,,,7,2,2,2,82,82,180,420,1,5
919,,,7,2,2,2,90,43,180,420,5,5
920,,,7,2,2,2,69,77,180,420,2,5
921,,,7,2,2,2,86,84,180,420,1,5
922,,,7,2,2,2,79,80,180,420,1,5
923,,,7,2,2,2,85,75,180,420,1,5
924,,,7,2,2,2,93,54,180,420,1,5
925,,,7,2,2,2,94,71,180,420,3,5
926,,,7,2,2,2,80,98,180,420,1,5
927,,,7,2,2,2,70,75,180,420,1,5
928,,,7,2,2,2,77,61,180,420,1,5
929,,,6,1,2,2,83,58,540,660,1,5
930,,,7,2,2,2,84,97,180,420,1,5
931,,,7,2,2,2,71,43,180,420,1,5
932,,,7,2,2,2,81,49,180,420,2,5
933,,,7,2,2,2,99,88,180,420,1,5
934,,,7,2,2,2,73,49,180,420,1,5
935,,,7,2,2,2,81,96,180,420,1,5
936,,,6,1,2,2,99,88,780,900,1,5
937,,,7,2,2,2,82,42,180,420,5,5
938,,,7,2,2,2,78,71,180,420,5,5
939,,,7,2,2,2,81,7,180,420,2,5
940,,,7,2,2,2,76,66,180,420,1,5
941,,,7,2,2,2,77,57,180,420,5,5
942,,,7,2,2,2,76,66,180,420,1,5
943,,,7,2,2,2,84,37,180,420,1,5
944,,,7,2,2,2,80,47,180,420,5,5
945,,,7,2,2,2,78,57,180,420,1,5
946,,,7,2,2,2,74,73,180,420,5,5
947,,,7,2,2,2,85,78,180,420,1,5
948,,,7,2,2,2,89,65,180,420,1,5
949,,,7,2,2,2,96,81,180,420,2,5
950,,,7,2,2,2,84,84,180,420,1,5
951,,,7,2,2,2,90,49,180,420,1,5
952,,,7,2,2,2,78,63,180,420,5,5
953,,,7,2,2,2,74,15,180,420,2,5
954,,,7,2,2,2,84,90,180,420,1,5
955,,,7,2,2,2,74,38,180,420,5,5
956,,,7,2,2,2,85,44,180,420,1,5
957,,,7,2,2,2,96,68,180,420,5,5
958,,,7,1,2,2,72,66,660,900,1,5
959,,,7,1,2,2,74,46,660,900,1,5
960,,,7,1,2,2,85,53,660,900,1,5
961,,,7,1,2,2,69,74,660,900,3,5
962,,,7,1,2,2,69,77,660,900,2,5
963,,,7,1,2,2,90,45,660,900,1,5
964,,,7,1,2,2,85,89,660,900,1,5
965,,,7,1,2,2,84,88,660,900,1,5
966,,,7,1,2,2,80,8,660,900,2,5
967,,,7,1,2,2,81,49,660,900,5,5
968,,,7,1,2,2,79,90,660,900,1,5
969,,,7,1,2,2,85,55,660,900,1,5
970,,,7,1,2,2,91,55,660,900,1,5
971,,,7,1,2,2,74,70,660,900,1,5
972,,,7,1,2,2,76,50,660,900,1,5
973,,,7,1,2,2,84,88,660,900,1,5
974,,,7,1,2,2,84,97,660,900,1,5
975,,,7,1,2,2,81,94,660,900,1,5
976,,,7,1,2,2,79,61,660,900,1,5
977,,,7,1,2,2,79,6,660,900,2,5
978,,,8,2,2,2,89,45,180,420,1,5
979,,,7,1,2,2,83,86,660,900,5,5
980,,,7,1,2,2,92,50,660,900,5,5
981,,,8,2,2,2,71,69,180,420,1,5
982,,,7,1,2,2,97,57,660,900,1,5
983,,,7,1,2,2,97,56,660,900,1,5
984,,,7,1,2,2,85,85,660,900,1,5
985,,,8,2,2,2,85,50,180,420,1,5
986,,,7,1,2,2,82,92,660,900,2,5
987,,,7,1,2,2,75,5,660,900,5,5
988,,,7,1,2,2,84,83,660,900,1,5
989,,,7,1,2,2,78,62,660,900,1,5
990,,,7,1,2,2,75,23,660,900,2,5
991,,,7,1,2,2,75,26,660,900,2,5
992,,,7,1,2,2,85,30,660,900,1,5
993,,,7,1,2,2,81,98,660,900,5,5
994,,,7,1,2,2,71,47,660,900,1,5
995,,,7,1,2,2,85,81,660,900,1,5
996,,,7,1,2,2,76,49,660,900,2,5
997,,,7,1,2,2,78,49,660,900,1,5
998,,,7,1,2,2,76,23,660,900,1,5
999,,,7,1,2,2,88,37,660,900,1,5
1000,,,7,1,2,2,96,67,660,900,1,5
1001,,,7,1,2,2,96,65,660,900,1,5
1002,,,7,1,2,2,97,67,660,900,1,5
1003,,,7,1,2,2,94,65,660,900,1,5
1004,,,7,1,2,2,79,87,660,900,1,5
1005,,,7,1,2,2,84,94,660,900,5,5
1006,,,7,1,2,2,93,77,660,900,10,5
1007,,,7,1,2,2,75,75,660,900,1,5
1008,,,7,1,2,2,72,46,660,900,1,5
1009,,,7,1,2,2,85,38,660,900,2,5
1010,,,7,1,2,2,76,37,660,900,4,5
1011,,,7,1,2,2,84,89,660,900,5,5
1012,,,7,1,2,2,87,49,660,900,1,5
1013,,,7,1,2,2,76,28,660,900,1,5
1014,,,7,1,2,2,70,74,660,900,1,5
1015,,,7,1,2,2,78,63,660,900,1,5
1016,,,7,1,2,2,85,50,660,900,1,5
1017,,,7,1,2,2,76,50,660,900,2,5
1018,,,7,1,2,2,81,74,660,900,2,5
1019,,,7,1,2,2,76,49,660,900,1,5
1020,,,8,2,2,2,72,64,180,420,1,5
1021,,,7,1,2,2,84,85,660,900,1,5
1022,,,7,1,2,2,73,73,660,900,1,5
1023,,,7,1,2,2,77,83,660,900,1,5
1024,,,7,1,2,2,87,36,660,900,3,5
1025,,,7,1,2,2,79,48,660,900,2,5
1026,,,7,1,2,2,72,28,660,900,1,5
1027,,,7,1,2,2,89,58,660,900,1,5
1028,,,8,2,2,2,87,54,180,420,1,5
1029,,,8,2,2,2,81,49,180,420,1,5
1030,,,8,2,2,2,80,41,180,420,1,5
1031,,,8,2,2,2,79,79,180,420,1,5
1032,,,7,1,2,2,83,98,660,900,1,5
1033,,,7,1,2,2,72,28,660,900,1,5
1034,,,7,1,2,2,95,74,660,900,5,5
1035,,,8,2,2,2,72,32,180,420,5,5
1036,,,8,2,2,2,80,41,180,420,1,5
1037,,,8,2,2,2,79,79,180,420,1,5
1038,,,8,2,2,2,87,54,180,420,1,5
1039,,,8,2,2,2,77,60,180,420,1,5
1040,,,8,2,2,2,76,78,180,420,1,5
1041,,,8,2,2,2,81,49,180,420,1,5
1042,,,8,2,2,2,87,54,180,420,1,5
1043,,,8,2,2,2,80,41,180,420,1,5
1044,,,8,2,2,2,79,79,180,420,1,5
1045,,,8,2,2,2,79,96,180,420,1,5
1046,,,8,2,2,2,95,74,180,420,3,5
1047,,,8,2,2,2,79,49,180,420,1,5
1048,,,8,2,2,2,77,51,180,420,1,5
1049,,,8,2,2,2,79,42,180,420,1,5
1050,,,8,2,2,2,85,49,180,420,5,5
1051,,,8,2,2,2,80,85,180,420,1,5
1052,,,8,2,2,2,89,45,180,420,5,5
1053,,,8,2,2,2,82,79,180,420,1,5
1054,,,7,1,2,2,75,83,780,900,1,5
1055,,,8,2,2,2,69,76,180,420,1,5
1056,,,8,2,2,2,72,30,180,420,2,5
1057,,,8,2,2,2,91,38,180,420,1,5
1058,,,8,2,2,2,94,61,180,420,1,5
1059,,,8,2,2,2,89,48,180,420,1,5
1060,,,8,2,2,2,76,18,180,420,1,5
1061,,,8,2,2,2,84,37,180,420,1,5
1062,,,8,2,2,2,82,43,180,420,1,5
1063,,,8,2,2,2,83,43,180,420,1,5
1064,,,8,2,2,2,89,45,180,420,1,5
1065,,,8,2,2,2,91,60,660,900,1,5
1066,,,8,2,2,2,91,59,180,420,2,5
1067,,,8,2,2,2,86,47,180,420,1,5
1068,,,8,2,2,2,82,86,180,420,1,5
1069,,,8,2,2,2,68,75,180,420,5,5
1070,,,8,2,2,2,97,76,180,420,5,5
1071,,,8,2,2,2,80,78,180,420,1,5
1072,,,8,2,2,2,92,57,180,420,1,5
1073,,,8,2,2,2,75,20,180,420,1,5
1074,,,8,2,2,2,89,59,180,420,4,5
1075,,,8,2,2,2,81,97,180,420,1,5
1076,,,8,2,2,2,94,66,180,420,1,5
1077,,,7,1,2,1,59,18,660,900,2,5
1078,,,7,1,2,1,70,37,660,900,5,5
1079,,,7,1,2,1,16,30,660,900,5,5
1080,,,8,2,2,1,52,19,180,420,1,5
1081,,,7,1,2,1,84,78,660,900,2,5
1082,,,7,1,2,1,45,1,660,900,1,5
1083,,,7,1,2,1,67,24,660,900,1,5
1084,,,8,2,2,1,86,58,180,420,2,5
1085,,,7,1,2,1,49,28,660,900,2,5
1086,,,7,1,2,1,86,35,660,900,1,5
1087,,,7,1,2,1,59,18,660,900,1,5
1088,,,7,1,2,1,56,52,660,900,5,5
1089,,,7,1,2,1,17,28,660,900,3,5
1090,,,7,1,2,1,94,59,660,900,1,5
1091,,,7,1,2,1,49,28,660,900,1,5
1092,,,7,1,2,1,33,47,660,900,1,5
1093,,,7,1,2,1,44,31,660,900,1,5
1094,,,7,1,2,1,88,85,660,900,1,5
1095,,,7,1,2,1,65,34,660,900,1,5
1096,,,7,1,2,1,91,46,660,900,1,5
1097,,,7,1,2,1,59,18,660,900,3,5
1098,,,7,1,2,1,78,54,660,900,5,5
1099,,,7,1,2,1,49,17,660,900,2,5
1100,,,7,1,2,1,77,58,660,900,5,5
1101,,,8,2,2,1,93,52,180,420,1,5
1102,,,7,1,2,1,80,70,660,900,1,5
1103,,,7,1,2,1,16,30,660,900,1,5
1104,,,8,2,2,1,49,40,180,420,1,5
1105,,,7,1,2,1,6,57,660,900,4,5
1106,,,7,1,2,1,78,62,660,900,5,5
1107,,,7,1,2,1,53,47,660,900,3,5
1108,,,7,1,2,1,92,54,660,900,5,5
1109,,,7,1,2,1,49,17,660,900,1,5
1110,,,8,2,2,1,49,17,180,420,1,5
1111,,,8,2,2,1,59,18,180,420,5,5
1112,,,8,2,2,1,60,21,180,420,1,5
1113,,,8,2,2,1,67,72,180,420,5,5
1114,,,8,2,2,1,87,81,180,420,1,5
1115,,,8,2,2,1,81,63,180,420,2,5
1116,,,8,2,2,1,92,41,180,420,1,5
1117,,,8,2,2,1,83,67,180,420,1,5
1118,,,8,2,2,1,51,62,180,420,4,5
1119,,,8,2,2,1,39,40,180,420,1,5
1120,,,8,2,2,1,60,38,180,420,1,5
1121,,,8,2,2,1,64,40,180,420,3,5
1122,,,8,2,2,1,68,45,180,420,2,5
1123,,,8,2,2,1,17,28,180,420,5,5
1124,,,8,2,2,1,97,59,180,420,2,5
1125,,,8,2,2,1,65,27,180,420,3,5
1126,,,8,2,2,1,91,46,180,420,2,5
1127,,,8,2,2,1,87,79,180,420,1,5
1128,,,8,2,2,1,77,35,180,420,1,5
1129,,,8,2,2,1,93,54,180,420,2,5
1130,,,8,2,2,1,64,29,180,420,1,5
1131,,,8,2,2,1,83,37,180,420,1,5
1132,,,8,2,2,1,77,35,180,420,2,5
1133,,,8,2,2,1,17,28,180,420,2,5
1134,,,8,2,2,1,69,47,180,420,1,5
1135,,,8,2,2,1,58,26,180,420,1,5
